12:00:00.000,535365875,98707677
12:00:00.100,535365873,98707678
12:00:00.200,535365873,98707679
12:00:00.300,535365872,98707680
12:00:00.400,535365871,98707681
12:00:00.500,535365871,98707681
12:00:00.600,535365870,98707682
12:00:00.700,535365870,98707683
12:00:00.800,535365869,98707683
12:00:00.900,535365868,98707684
12:00:01.000,535365867,98707685
12:00:01.100,535365866,98707685
12:00:01.200,535365865,98707686
12:00:01.300,535365864,98707687
12:00:01.400,535365863,98707687
12:00:01.500,535365863,98707687
12:00:01.600,535365862,98707688
12:00:01.800,535365861,98707688
12:00:01.900,535365861,98707689
12:00:02.000,535365860,98707690
12:00:02.100,535365860,98707690
12:00:02.200,535365859,98707692
12:00:02.300,535365859,98707692
12:00:02.400,535365858,98707693
12:00:02.500,535365858,98707694
12:00:02.600,535365857,98707695
12:00:02.700,535365857,98707696
12:00:02.800,535365856,98707696
12:00:02.900,535365855,98707696
12:00:03.000,535365855,98707696
12:00:03.100,535365854,98707697
12:00:03.300,535365852,98707696
12:00:03.400,535365852,98707696
12:00:03.500,535365851,98707697
12:00:03.600,535365851,98707697
12:00:03.700,535365851,98707697
12:00:03.800,535365850,98707697
12:00:03.900,535365850,98707697
12:00:04.000,535365849,98707697
12:00:04.100,535365849,98707698
12:00:04.200,535365848,98707698
12:00:04.300,535365848,98707699
12:00:04.400,535365847,98707700
12:00:04.500,535365847,98707700
12:00:04.600,535365847,98707701
12:00:04.700,535365846,98707701
12:00:04.800,535365846,98707702
12:00:04.900,535365846,98707703
12:00:05.000,535365845,98707703
12:00:05.100,535365845,98707703
12:00:05.200,535365844,98707703
12:00:05.300,535365844,98707704
12:00:05.400,535365843,98707704
12:00:05.500,535365842,98707704
12:00:05.600,535365842,98707704
12:00:05.700,535365841,98707705
12:00:05.800,535365840,98707705
12:00:05.900,535365839,98707705
12:00:06.000,535365838,98707705
12:00:06.100,535365837,98707706
12:00:06.200,535365837,98707706
12:00:06.300,535365836,98707706
12:00:06.400,535365835,98707707
12:00:06.500,535365835,98707707
12:00:06.600,535365834,98707708
12:00:06.700,535365833,98707708
12:00:06.800,535365833,98707708
12:00:06.900,535365833,98707708
12:00:07.000,535365832,98707709
12:00:07.100,535365831,98707709
12:00:07.200,535365831,98707709
12:00:07.300,535365831,98707709
12:00:07.400,535365830,98707710
12:00:07.500,535365830,98707710
12:00:07.600,535365830,98707710
12:00:07.700,535365830,98707710
12:00:07.800,535365830,98707711
12:00:07.900,535365830,98707711
12:00:08.000,535365829,98707711
12:00:08.100,535365829,98707711
12:00:08.200,535365829,98707712
12:00:08.300,535365829,98707712
12:00:08.400,535365829,98707712
12:00:08.500,535365828,98707712
12:00:08.600,535365828,98707712
12:00:08.700,535365828,98707712
12:00:08.800,535365828,98707713
12:00:08.900,535365828,98707713
12:00:09.000,535365828,98707712
12:00:09.100,535365827,98707713
12:00:09.200,535365827,98707713
12:00:09.300,535365826,98707713
12:00:09.400,535365826,98707713
12:00:09.500,535365825,98707712
12:00:09.600,535365824,98707712
12:00:09.700,535365823,98707713
12:00:09.800,535365822,98707713
12:00:09.900,535365821,98707713
12:00:10.000,535365821,98707713
12:00:10.100,535365820,98707714
12:00:10.200,535365819,98707714
12:00:10.300,535365818,98707714
12:00:10.400,535365817,98707714
12:00:10.500,535365817,98707715
12:00:10.600,535365816,98707715
12:00:10.700,535365816,98707715
12:00:10.800,535365815,98707716
12:00:10.900,535365815,98707716
12:00:11.000,535365815,98707716
12:00:11.100,535365815,98707717
12:00:11.200,535365815,98707717
12:00:11.300,535365815,98707716
12:00:11.400,535365814,98707717
12:00:11.500,535365814,98707717
12:00:11.600,535365814,98707716
12:00:11.700,535365814,98707717
12:00:11.800,535365814,98707717
12:00:11.900,535365814,98707717
12:00:12.000,535365814,98707717
12:00:12.100,535365813,98707717
12:00:12.200,535365813,98707717
12:00:12.300,535365813,98707717
12:00:12.400,535365812,98707717
12:00:12.500,535365812,98707717
12:00:12.600,535365811,98707718
12:00:12.700,535365811,98707719
12:00:12.800,535365810,98707719
12:00:12.900,535365809,98707719
12:00:13.000,535365808,98707719
12:00:13.100,535365807,98707719
12:00:13.200,535365807,98707720
12:00:13.300,535365806,98707720
12:00:13.400,535365806,98707720
12:00:13.500,535365805,98707719
12:00:13.600,535365805,98707720
12:00:13.700,535365804,98707720
12:00:13.800,535365804,98707719
12:00:13.900,535365804,98707720
12:00:14.000,535365803,98707720
12:00:14.100,535365803,98707720
12:00:14.200,535365803,98707719
12:00:14.300,535365803,98707719
12:00:14.400,535365803,98707720
12:00:14.500,535365803,98707720
12:00:14.600,535365803,98707720
12:00:14.700,535365802,98707720
12:00:14.800,535365802,98707721
12:00:14.900,535365802,98707721
12:00:15.000,535365801,98707721
12:00:15.100,535365801,98707721
12:00:15.200,535365801,98707722
12:00:15.300,535365801,98707722
12:00:15.400,535365801,98707722
12:00:15.500,535365800,98707722
12:00:15.600,535365800,98707723
12:00:15.700,535365799,98707723
12:00:15.800,535365799,98707723
12:00:15.900,535365798,98707723
12:00:16.000,535365797,98707723
12:00:16.100,535365797,98707724
12:00:16.200,535365797,98707724
12:00:16.300,535365796,98707724
12:00:16.400,535365795,98707725
12:00:16.500,535365795,98707725
12:00:16.600,535365794,98707726
12:00:16.700,535365793,98707727
12:00:16.800,535365793,98707727
12:00:16.900,535365792,98707728
12:00:17.000,535365791,98707727
12:00:17.100,535365789,98707729
12:00:17.200,535365786,98707733
12:00:17.300,535365783,98707737
12:00:17.400,535365779,98707741
12:00:17.500,535365776,98707746
12:00:17.600,535365771,98707751
12:00:17.700,535365767,98707757
12:00:17.800,535365763,98707763
12:00:17.900,535365758,98707770
12:00:18.000,535365754,98707776
12:00:18.100,535365750,98707783
12:00:18.200,535365746,98707790
12:00:18.300,535365742,98707796
12:00:18.400,535365738,98707802
12:00:18.500,535365736,98707806
12:00:18.600,535365733,98707811
12:00:18.700,535365730,98707817
12:00:18.800,535365726,98707823
12:00:18.900,535365722,98707829
12:00:19.000,535365718,98707836
12:00:19.100,535365714,98707842
12:00:19.200,535365712,98707847
12:00:19.300,535365709,98707852
12:00:19.400,535365705,98707859
12:00:19.500,535365701,98707865
12:00:19.600,535365697,98707871
12:00:19.700,535365693,98707879
12:00:19.800,535365689,98707886
12:00:19.900,535365685,98707893
12:00:20.000,535365681,98707901
12:00:20.100,535365677,98707907
12:00:20.200,535365673,98707915
12:00:20.300,535365669,98707922
12:00:20.400,535365665,98707928
12:00:20.500,535365661,98707935
12:00:20.600,535365657,98707941
12:00:20.700,535365653,98707947
12:00:20.800,535365648,98707953
12:00:20.900,535365644,98707960
12:00:21.000,535365639,98707966
12:00:21.100,535365635,98707973
12:00:21.200,535365630,98707979
12:00:21.300,535365625,98707985
12:00:21.400,535365621,98707991
12:00:21.500,535365617,98707997
12:00:21.600,535365613,98708003
12:00:21.700,535365608,98708010
12:00:21.800,535365605,98708015
12:00:21.900,535365601,98708020
12:00:22.000,535365598,98708026
12:00:22.100,535365594,98708032
12:00:22.200,535365589,98708040
12:00:22.300,535365585,98708048
12:00:22.400,535365581,98708054
12:00:22.500,535365577,98708060
12:00:22.600,535365572,98708066
12:00:22.700,535365569,98708071
12:00:22.800,535365566,98708076
12:00:22.900,535365562,98708080
12:00:23.000,535365558,98708087
12:00:23.100,535365552,98708095
12:00:23.200,535365550,98708098
12:00:23.300,535365546,98708104
12:00:23.400,535365543,98708109
12:00:23.500,535365539,98708114
12:00:23.600,535365535,98708120
12:00:23.700,535365532,98708125
12:00:23.800,535365527,98708132
12:00:23.900,535365523,98708139
12:00:24.000,535365518,98708146
12:00:24.100,535365513,98708154
12:00:24.200,535365509,98708161
12:00:24.300,535365503,98708169
12:00:24.400,535365499,98708176
12:00:24.500,535365495,98708182
12:00:24.600,535365491,98708185
12:00:24.700,535365488,98708189
12:00:24.800,535365486,98708192
12:00:24.900,535365483,98708194
12:00:25.000,535365482,98708197
12:00:25.100,535365480,98708198
12:00:25.200,535365478,98708199
12:00:25.300,535365476,98708202
12:00:25.400,535365474,98708206
12:00:25.500,535365473,98708207
12:00:25.600,535365471,98708209
12:00:25.700,535365470,98708212
12:00:25.800,535365468,98708214
12:00:25.900,535365466,98708217
12:00:26.000,535365465,98708219
12:00:26.100,535365464,98708221
12:00:26.200,535365462,98708223
12:00:26.300,535365460,98708226
12:00:26.400,535365459,98708227
12:00:26.500,535365458,98708229
12:00:26.600,535365455,98708230
12:00:26.700,535365453,98708231
12:00:26.800,535365451,98708233
12:00:26.900,535365449,98708235
12:00:27.000,535365447,98708238
12:00:27.100,535365445,98708240
12:00:27.200,535365444,98708242
12:00:27.300,535365443,98708245
12:00:27.400,535365441,98708247
12:00:27.500,535365440,98708249
12:00:27.600,535365439,98708250
12:00:27.700,535365438,98708252
12:00:27.800,535365437,98708254
12:00:27.900,535365436,98708255
12:00:28.000,535365435,98708256
12:00:28.100,535365434,98708258
12:00:28.200,535365433,98708259
12:00:28.300,535365432,98708260
12:00:28.400,535365431,98708262
12:00:28.500,535365430,98708263
12:00:28.600,535365428,98708264
12:00:28.700,535365427,98708265
12:00:28.800,535365427,98708266
12:00:28.900,535365426,98708267
12:00:29.000,535365425,98708268
12:00:29.100,535365424,98708269
12:00:29.200,535365424,98708270
12:00:29.300,535365423,98708271
12:00:29.400,535365422,98708272
12:00:29.500,535365421,98708273
12:00:29.600,535365420,98708274
12:00:29.700,535365420,98708275
12:00:29.800,535365419,98708276
12:00:29.900,535365418,98708277
12:00:30.000,535365417,98708277
12:00:30.100,535365416,98708279
12:00:30.200,535365416,98708280
12:00:30.300,535365416,98708282
12:00:30.400,535365415,98708282
12:00:30.500,535365414,98708283
12:00:30.600,535365413,98708284
12:00:30.700,535365412,98708285
12:00:30.800,535365412,98708286
12:00:30.900,535365411,98708287
12:00:31.000,535365410,98708288
12:00:31.100,535365409,98708288
12:00:31.200,535365408,98708289
12:00:31.300,535365408,98708290
12:00:31.400,535365407,98708291
12:00:31.500,535365406,98708292
12:00:31.600,535365405,98708293
12:00:31.700,535365404,98708294
12:00:31.800,535365403,98708296
12:00:31.900,535365402,98708297
12:00:32.000,535365401,98708299
12:00:32.100,535365400,98708300
12:00:32.200,535365399,98708301
12:00:32.300,535365398,98708302
12:00:32.400,535365397,98708303
12:00:32.500,535365397,98708305
12:00:32.600,535365395,98708306
12:00:32.700,535365395,98708307
12:00:32.800,535365394,98708308
12:00:32.900,535365393,98708308
12:00:33.000,535365392,98708309
12:00:33.100,535365392,98708310
12:00:33.200,535365391,98708310
12:00:33.300,535365390,98708310
12:00:33.400,535365390,98708311
12:00:33.500,535365389,98708311
12:00:33.600,535365388,98708311
12:00:33.700,535365387,98708312
12:00:33.800,535365387,98708312
12:00:33.900,535365386,98708313
12:00:34.000,535365386,98708313
12:00:34.100,535365385,98708313
12:00:34.200,535365385,98708313
12:00:34.300,535365384,98708314
12:00:34.400,535365384,98708314
12:00:34.500,535365384,98708314
12:00:34.600,535365383,98708315
12:00:34.700,535365383,98708316
12:00:34.800,535365382,98708317
12:00:34.900,535365381,98708318
12:00:35.000,535365380,98708320
12:00:35.100,535365379,98708322
12:00:35.200,535365377,98708323
12:00:35.300,535365376,98708325
12:00:35.400,535365374,98708326
12:00:35.500,535365374,98708328
12:00:35.600,535365373,98708329
12:00:35.700,535365372,98708330
12:00:35.800,535365372,98708331
12:00:35.900,535365371,98708332
12:00:36.000,535365370,98708333
12:00:36.100,535365370,98708334
12:00:36.200,535365369,98708333
12:00:36.300,535365368,98708334
12:00:36.400,535365367,98708334
12:00:36.500,535365366,98708334
12:00:36.600,535365365,98708334
12:00:36.700,535365365,98708335
12:00:36.800,535365364,98708335
12:00:36.900,535365364,98708336
12:00:37.000,535365363,98708337
12:00:37.100,535365362,98708337
12:00:37.200,535365362,98708338
12:00:37.300,535365361,98708338
12:00:37.400,535365361,98708339
12:00:37.500,535365360,98708340
12:00:37.600,535365359,98708340
12:00:37.700,535365359,98708341
12:00:37.800,535365358,98708342
12:00:37.900,535365357,98708343
12:00:38.000,535365356,98708344
12:00:38.100,535365356,98708345
12:00:38.200,535365354,98708346
12:00:38.300,535365353,98708347
12:00:38.400,535365352,98708348
12:00:38.500,535365352,98708349
12:00:38.600,535365351,98708350
12:00:38.700,535365350,98708351
12:00:38.800,535365349,98708352
12:00:38.900,535365348,98708353
12:00:39.000,535365348,98708354
12:00:39.100,535365347,98708355
12:00:39.200,535365346,98708355
12:00:39.300,535365346,98708356
12:00:39.400,535365346,98708357
12:00:39.500,535365345,98708357
12:00:39.600,535365344,98708358
12:00:39.700,535365344,98708358
12:00:39.800,535365342,98708358
12:00:39.900,535365341,98708359
12:00:40.000,535365339,98708360
12:00:40.100,535365338,98708361
12:00:40.200,535365336,98708362
12:00:40.300,535365335,98708364
12:00:40.400,535365334,98708365
12:00:40.500,535365333,98708366
12:00:40.600,535365332,98708368
12:00:40.700,535365332,98708368
12:00:40.800,535365331,98708369
12:00:40.900,535365330,98708371
12:00:41.000,535365330,98708371
12:00:41.100,535365329,98708372
12:00:41.200,535365328,98708373
12:00:41.300,535365328,98708374
12:00:41.400,535365327,98708375
12:00:41.500,535365326,98708376
12:00:41.600,535365326,98708376
12:00:41.700,535365325,98708378
12:00:41.800,535365325,98708379
12:00:41.900,535365324,98708379
12:00:42.000,535365323,98708381
12:00:42.100,535365322,98708382
12:00:42.200,535365321,98708383
12:00:42.300,535365321,98708384
12:00:42.400,535365320,98708385
12:00:42.500,535365318,98708386
12:00:42.600,535365317,98708387
12:00:42.700,535365316,98708389
12:00:42.800,535365315,98708390
12:00:42.900,535365313,98708391
12:00:43.000,535365312,98708393
12:00:43.100,535365311,98708394
12:00:43.200,535365310,98708395
12:00:43.300,535365308,98708397
12:00:43.400,535365307,98708398
12:00:43.500,535365306,98708399
12:00:43.600,535365306,98708400
12:00:43.700,535365305,98708401
12:00:43.800,535365304,98708402
12:00:43.900,535365303,98708403
12:00:44.000,535365302,98708404
12:00:44.100,535365302,98708405
12:00:44.200,535365301,98708406
12:00:44.300,535365300,98708406
12:00:44.400,535365299,98708407
12:00:44.500,535365299,98708407
12:00:44.600,535365298,98708408
12:00:44.700,535365297,98708409
12:00:44.800,535365296,98708410
12:00:44.900,535365295,98708411
12:00:45.000,535365295,98708411
12:00:45.100,535365294,98708412
12:00:45.200,535365293,98708413
12:00:45.300,535365293,98708414
12:00:45.400,535365292,98708415
12:00:45.500,535365291,98708415
12:00:45.600,535365291,98708416
12:00:45.700,535365290,98708417
12:00:45.800,535365289,98708418
12:00:45.900,535365288,98708419
12:00:46.000,535365287,98708421
12:00:46.100,535365286,98708422
12:00:46.200,535365285,98708424
12:00:46.300,535365283,98708425
12:00:46.400,535365282,98708426
12:00:46.500,535365281,98708427
12:00:46.600,535365280,98708429
12:00:46.700,535365279,98708430
12:00:46.800,535365278,98708431
12:00:46.900,535365277,98708432
12:00:47.000,535365276,98708433
12:00:47.100,535365275,98708434
12:00:47.200,535365274,98708435
12:00:47.300,535365273,98708436
12:00:47.400,535365272,98708437
12:00:47.500,535365271,98708437
12:00:47.600,535365271,98708437
12:00:47.700,535365270,98708439
12:00:47.800,535365269,98708439
12:00:47.900,535365268,98708440
12:00:48.000,535365267,98708441
12:00:48.100,535365266,98708442
12:00:48.200,535365265,98708443
12:00:48.300,535365265,98708444
12:00:48.400,535365264,98708445
12:00:48.500,535365263,98708446
12:00:48.600,535365263,98708447
12:00:48.700,535365262,98708448
12:00:48.800,535365261,98708449
12:00:48.900,535365260,98708450
12:00:49.000,535365259,98708451
12:00:49.100,535365259,98708453
12:00:49.200,535365258,98708454
12:00:49.300,535365257,98708455
12:00:49.400,535365255,98708456
12:00:49.500,535365254,98708457
12:00:49.600,535365253,98708459
12:00:49.700,535365251,98708460
12:00:49.800,535365250,98708462
12:00:49.900,535365248,98708463
12:00:50.000,535365247,98708464
12:00:50.100,535365245,98708466
12:00:50.200,535365244,98708467
12:00:50.300,535365243,98708468
12:00:50.400,535365241,98708469
12:00:50.500,535365240,98708470
12:00:50.600,535365239,98708472
12:00:50.700,535365238,98708473
12:00:50.800,535365237,98708474
12:00:50.900,535365236,98708475
12:00:51.000,535365236,98708477
12:00:51.100,535365235,98708477
12:00:51.200,535365234,98708478
12:00:51.300,535365233,98708479
12:00:51.400,535365232,98708480
12:00:51.500,535365231,98708481
12:00:51.600,535365230,98708482
12:00:51.700,535365230,98708483
12:00:51.800,535365229,98708484
12:00:51.900,535365228,98708485
12:00:52.000,535365227,98708486
12:00:52.100,535365226,98708487
12:00:52.200,535365226,98708488
12:00:52.300,535365225,98708489
12:00:52.400,535365224,98708490
12:00:52.500,535365223,98708491
12:00:52.600,535365222,98708492
12:00:52.700,535365222,98708494
12:00:52.800,535365220,98708495
12:00:52.900,535365219,98708496
12:00:53.000,535365218,98708497
12:00:53.100,535365217,98708499
12:00:53.200,535365216,98708500
12:00:53.300,535365214,98708501
12:00:53.400,535365213,98708502
12:00:53.500,535365212,98708504
12:00:53.600,535365211,98708505
12:00:53.700,535365209,98708506
12:00:53.800,535365208,98708507
12:00:53.900,535365207,98708509
12:00:54.000,535365206,98708510
12:00:54.100,535365205,98708511
12:00:54.200,535365204,98708512
12:00:54.300,535365203,98708514
12:00:54.400,535365202,98708514
12:00:54.500,535365201,98708515
12:00:54.600,535365201,98708517
12:00:54.700,535365200,98708521
12:00:54.800,535365198,98708526
12:00:54.900,535365197,98708531
12:00:55.000,535365194,98708537
12:00:55.100,535365191,98708544
12:00:55.200,535365188,98708551
12:00:55.300,535365185,98708559
12:00:55.400,535365180,98708566
12:00:55.500,535365175,98708572
12:00:55.600,535365171,98708578
12:00:55.700,535365166,98708586
12:00:55.800,535365161,98708593
12:00:55.900,535365157,98708601
12:00:56.000,535365154,98708609
12:00:56.100,535365150,98708616
12:00:56.200,535365145,98708623
12:00:56.300,535365141,98708631
12:00:56.400,535365137,98708640
12:00:56.500,535365133,98708648
12:00:56.600,535365128,98708655
12:00:56.700,535365124,98708663
12:00:56.800,535365120,98708671
12:00:56.900,535365115,98708678
12:00:57.000,535365111,98708685
12:00:57.100,535365107,98708693
12:00:57.200,535365104,98708701
12:00:57.300,535365100,98708708
12:00:57.400,535365098,98708713
12:00:57.500,535365096,98708720
12:00:57.600,535365093,98708725
12:00:57.700,535365090,98708734
12:00:57.800,535365086,98708743
12:00:57.900,535365081,98708751
12:00:58.000,535365077,98708760
12:00:58.100,535365072,98708770
12:00:58.200,535365068,98708778
12:00:58.300,535365063,98708786
12:00:58.400,535365058,98708795
12:00:58.500,535365054,98708803
12:00:58.600,535365050,98708812
12:00:58.700,535365045,98708820
12:00:58.800,535365040,98708828
12:00:58.900,535365036,98708837
12:00:59.000,535365032,98708846
12:00:59.100,535365028,98708854
12:00:59.200,535365024,98708863
12:00:59.300,535365020,98708872
12:00:59.400,535365015,98708880
12:00:59.500,535365011,98708889
12:00:59.600,535365007,98708896
12:00:59.700,535365003,98708904
12:00:59.800,535364999,98708912
12:00:59.900,535364994,98708920
12:01:00.000,535364990,98708929
12:01:00.100,535364986,98708936
12:01:00.200,535364982,98708944
12:01:00.300,535364978,98708952
12:01:00.400,535364974,98708960
12:01:00.500,535364970,98708968
12:01:00.600,535364966,98708976
12:01:00.700,535364962,98708983
12:01:00.800,535364957,98708991
12:01:00.900,535364954,98708999
12:01:01.000,535364950,98709008
12:01:01.100,535364946,98709015
12:01:01.200,535364942,98709022
12:01:01.300,535364937,98709030
12:01:01.400,535364933,98709038
12:01:01.500,535364930,98709046
12:01:01.600,535364926,98709053
12:01:01.700,535364921,98709062
12:01:01.800,535364917,98709070
12:01:01.900,535364913,98709077
12:01:02.000,535364908,98709085
12:01:02.100,535364903,98709094
12:01:02.200,535364898,98709102
12:01:02.300,535364893,98709111
12:01:02.400,535364888,98709119
12:01:02.500,535364883,98709127
12:01:02.600,535364878,98709135
12:01:02.700,535364873,98709142
12:01:02.800,535364868,98709150
12:01:02.900,535364864,98709158
12:01:03.000,535364859,98709166
12:01:03.100,535364855,98709173
12:01:03.200,535364850,98709180
12:01:03.300,535364846,98709188
12:01:03.400,535364842,98709196
12:01:03.500,535364837,98709203
12:01:03.600,535364834,98709210
12:01:03.700,535364830,98709218
12:01:03.800,535364826,98709226
12:01:03.900,535364821,98709234
12:01:04.000,535364817,98709241
12:01:04.100,535364812,98709249
12:01:04.200,535364807,98709257
12:01:04.300,535364803,98709264
12:01:04.400,535364798,98709272
12:01:04.500,535364794,98709280
12:01:04.600,535364789,98709288
12:01:04.700,535364785,98709295
12:01:04.800,535364780,98709303
12:01:04.900,535364775,98709310
12:01:05.000,535364770,98709318
12:01:05.100,535364766,98709326
12:01:05.200,535364761,98709333
12:01:05.300,535364756,98709341
12:01:05.400,535364752,98709349
12:01:05.500,535364748,98709356
12:01:05.600,535364743,98709364
12:01:05.700,535364739,98709372
12:01:05.800,535364734,98709379
12:01:05.900,535364730,98709386
12:01:06.000,535364725,98709394
12:01:06.100,535364721,98709401
12:01:06.200,535364716,98709409
12:01:06.300,535364711,98709416
12:01:06.400,535364707,98709424
12:01:06.500,535364703,98709431
12:01:06.600,535364698,98709439
12:01:06.700,535364693,98709447
12:01:06.800,535364688,98709455
12:01:06.900,535364683,98709463
12:01:07.000,535364679,98709471
12:01:07.100,535364674,98709479
12:01:07.200,535364669,98709487
12:01:07.300,535364664,98709495
12:01:07.400,535364659,98709502
12:01:07.500,535364654,98709510
12:01:07.600,535364649,98709517
12:01:07.700,535364645,98709524
12:01:07.800,535364640,98709532
12:01:07.900,535364636,98709539
12:01:08.000,535364632,98709546
12:01:08.100,535364627,98709554
12:01:08.200,535364623,98709561
12:01:08.300,535364619,98709569
12:01:08.400,535364615,98709577
12:01:08.500,535364611,98709585
12:01:08.600,535364606,98709593
12:01:08.700,535364603,98709602
12:01:08.800,535364598,98709610
12:01:08.900,535364594,98709618
12:01:09.000,535364590,98709627
12:01:09.100,535364586,98709636
12:01:09.200,535364581,98709645
12:01:09.300,535364577,98709654
12:01:09.400,535364573,98709663
12:01:09.500,535364568,98709672
12:01:09.600,535364564,98709680
12:01:09.700,535364560,98709688
12:01:09.800,535364555,98709697
12:01:09.900,535364550,98709705
12:01:10.000,535364546,98709713
12:01:10.100,535364543,98709721
12:01:10.200,535364539,98709730
12:01:10.300,535364534,98709738
12:01:10.400,535364530,98709745
12:01:10.500,535364526,98709754
12:01:10.600,535364521,98709761
12:01:10.700,535364517,98709770
12:01:10.800,535364513,98709778
12:01:10.900,535364508,98709786
12:01:11.000,535364504,98709794
12:01:11.100,535364499,98709803
12:01:11.200,535364494,98709812
12:01:11.300,535364490,98709820
12:01:11.400,535364486,98709828
12:01:11.500,535364482,98709836
12:01:11.600,535364478,98709844
12:01:11.700,535364474,98709853
12:01:11.800,535364469,98709861
12:01:11.900,535364465,98709869
12:01:12.000,535364461,98709877
12:01:12.100,535364456,98709885
12:01:12.200,535364452,98709893
12:01:12.300,535364448,98709901
12:01:12.400,535364443,98709910
12:01:12.500,535364439,98709918
12:01:12.600,535364435,98709926
12:01:12.700,535364430,98709935
12:01:12.800,535364426,98709943
12:01:12.900,535364423,98709951
12:01:13.000,535364418,98709960
12:01:13.100,535364414,98709968
12:01:13.200,535364410,98709976
12:01:13.300,535364405,98709984
12:01:13.400,535364401,98709993
12:01:13.500,535364397,98710001
12:01:13.600,535364393,98710009
12:01:13.700,535364388,98710018
12:01:13.800,535364384,98710025
12:01:13.900,535364380,98710034
12:01:14.000,535364376,98710042
12:01:14.100,535364372,98710050
12:01:14.200,535364367,98710058
12:01:14.300,535364362,98710066
12:01:14.400,535364358,98710075
12:01:14.500,535364353,98710083
12:01:14.600,535364349,98710091
12:01:14.700,535364344,98710099
12:01:14.800,535364339,98710107
12:01:14.900,535364335,98710116
12:01:15.000,535364331,98710124
12:01:15.100,535364326,98710132
12:01:15.200,535364322,98710140
12:01:15.300,535364319,98710147
12:01:15.400,535364315,98710156
12:01:15.500,535364311,98710164
12:01:15.600,535364307,98710172
12:01:15.700,535364303,98710179
12:01:15.800,535364299,98710187
12:01:15.900,535364295,98710195
12:01:16.000,535364291,98710204
12:01:16.100,535364287,98710212
12:01:16.200,535364282,98710220
12:01:16.300,535364278,98710229
12:01:16.400,535364274,98710237
12:01:16.500,535364270,98710246
12:01:16.600,535364266,98710255
12:01:16.700,535364261,98710263
12:01:16.800,535364257,98710272
12:01:16.900,535364253,98710281
12:01:17.000,535364249,98710289
12:01:17.100,535364245,98710297
12:01:17.200,535364241,98710305
12:01:17.300,535364237,98710312
12:01:17.400,535364233,98710321
12:01:17.500,535364230,98710329
12:01:17.600,535364226,98710337
12:01:17.700,535364222,98710345
12:01:17.800,535364218,98710353
12:01:17.900,535364215,98710362
12:01:18.000,535364211,98710369
12:01:18.100,535364207,98710377
12:01:18.200,535364202,98710385
12:01:18.300,535364198,98710393
12:01:18.400,535364194,98710402
12:01:18.500,535364190,98710410
12:01:18.600,535364185,98710418
12:01:18.700,535364181,98710426
12:01:18.800,535364177,98710435
12:01:18.900,535364173,98710443
12:01:19.100,535364165,98710459
12:01:19.200,535364161,98710467
12:01:19.300,535364156,98710476
12:01:19.400,535364153,98710484
12:01:19.500,535364148,98710492
12:01:19.600,535364144,98710500
12:01:19.700,535364141,98710509
12:01:19.800,535364136,98710518
12:01:19.900,535364133,98710526
12:01:20.000,535364129,98710534
12:01:20.100,535364125,98710542
12:01:20.200,535364120,98710549
12:01:20.300,535364116,98710557
12:01:20.400,535364112,98710566
12:01:20.500,535364108,98710574
12:01:20.600,535364103,98710582
12:01:20.700,535364099,98710590
12:01:20.800,535364095,98710598
12:01:20.900,535364091,98710607
12:01:21.000,535364087,98710615
12:01:21.100,535364083,98710623
12:01:21.200,535364079,98710631
12:01:21.300,535364075,98710638
12:01:21.400,535364071,98710646
12:01:21.500,535364067,98710654
12:01:21.600,535364063,98710663
12:01:21.700,535364059,98710670
12:01:21.800,535364055,98710678
12:01:21.900,535364051,98710686
12:01:22.000,535364047,98710694
12:01:22.100,535364043,98710702
12:01:22.200,535364039,98710710
12:01:22.300,535364035,98710719
12:01:22.400,535364030,98710726
12:01:22.500,535364026,98710735
12:01:22.600,535364022,98710743
12:01:22.700,535364017,98710751
12:01:22.800,535364013,98710760
12:01:22.900,535364009,98710768
12:01:23.000,535364005,98710776
12:01:23.100,535364001,98710784
12:01:23.200,535363996,98710792
12:01:23.300,535363992,98710800
12:01:23.400,535363987,98710808
12:01:23.500,535363983,98710816
12:01:23.600,535363979,98710824
12:01:23.700,535363975,98710832
12:01:23.800,535363971,98710840
12:01:23.900,535363967,98710848
12:01:24.000,535363963,98710855
12:01:24.100,535363959,98710864
12:01:24.200,535363955,98710872
12:01:24.300,535363951,98710880
12:01:24.400,535363947,98710887
12:01:24.500,535363943,98710895
12:01:24.600,535363939,98710903
12:01:24.700,535363934,98710911
12:01:24.800,535363930,98710919
12:01:24.900,535363926,98710927
12:01:25.000,535363922,98710935
12:01:25.100,535363917,98710943
12:01:25.200,535363913,98710951
12:01:25.300,535363909,98710959
12:01:25.400,535363904,98710968
12:01:25.500,535363900,98710976
12:01:25.600,535363895,98710983
12:01:25.700,535363891,98710992
12:01:25.800,535363887,98711000
12:01:25.900,535363882,98711008
12:01:26.000,535363878,98711016
12:01:26.100,535363873,98711023
12:01:26.200,535363870,98711031
12:01:26.300,535363865,98711040
12:01:26.400,535363861,98711047
12:01:26.500,535363857,98711054
12:01:26.600,535363853,98711062
12:01:26.700,535363849,98711069
12:01:26.800,535363845,98711078
12:01:26.900,535363841,98711085
12:01:27.000,535363837,98711093
12:01:27.100,535363832,98711102
12:01:27.200,535363828,98711109
12:01:27.300,535363824,98711117
12:01:27.400,535363821,98711125
12:01:27.500,535363816,98711133
12:01:27.600,535363812,98711140
12:01:27.700,535363808,98711148
12:01:27.800,535363804,98711156
12:01:27.900,535363799,98711163
12:01:28.000,535363795,98711171
12:01:28.100,535363791,98711179
12:01:28.200,535363787,98711186
12:01:28.300,535363782,98711194
12:01:28.400,535363778,98711202
12:01:28.500,535363774,98711209
12:01:28.600,535363770,98711217
12:01:28.700,535363766,98711224
12:01:28.800,535363761,98711232
12:01:28.900,535363757,98711240
12:01:29.000,535363753,98711249
12:01:29.100,535363748,98711256
12:01:29.200,535363744,98711264
12:01:29.300,535363739,98711273
12:01:29.400,535363735,98711280
12:01:29.500,535363731,98711288
12:01:29.600,535363727,98711296
12:01:29.700,535363723,98711304
12:01:29.800,535363718,98711311
12:01:29.900,535363715,98711318
12:01:30.000,535363711,98711326
12:01:30.100,535363706,98711333
12:01:30.200,535363703,98711340
12:01:30.300,535363699,98711348
12:01:30.400,535363695,98711355
12:01:30.500,535363691,98711363
12:01:30.600,535363687,98711370
12:01:30.700,535363682,98711377
12:01:30.800,535363678,98711385
12:01:30.900,535363674,98711392
12:01:31.000,535363669,98711400
12:01:31.100,535363666,98711408
12:01:31.200,535363661,98711416
12:01:31.300,535363657,98711423
12:01:31.400,535363653,98711432
12:01:31.500,535363649,98711440
12:01:31.600,535363644,98711448
12:01:31.700,535363640,98711455
12:01:31.800,535363635,98711463
12:01:31.900,535363631,98711471
12:01:32.000,535363627,98711478
12:01:32.100,535363622,98711486
12:01:32.200,535363618,98711492
12:01:32.300,535363614,98711501
12:01:32.400,535363610,98711508
12:01:32.500,535363605,98711516
12:01:32.600,535363601,98711523
12:01:32.700,535363597,98711530
12:01:32.800,535363593,98711538
12:01:32.900,535363588,98711545
12:01:33.000,535363584,98711552
12:01:33.100,535363580,98711560
12:01:33.200,535363576,98711567
12:01:33.300,535363572,98711575
12:01:33.400,535363568,98711583
12:01:33.500,535363564,98711590
12:01:33.600,535363560,98711598
12:01:33.700,535363556,98711606
12:01:33.800,535363552,98711613
12:01:33.900,535363548,98711621
12:01:34.000,535363543,98711629
12:01:34.100,535363539,98711636
12:01:34.200,535363535,98711644
12:01:34.300,535363531,98711652
12:01:34.400,535363527,98711659
12:01:34.500,535363522,98711667
12:01:34.600,535363518,98711675
12:01:34.700,535363514,98711682
12:01:34.800,535363510,98711689
12:01:34.900,535363506,98711697
12:01:35.000,535363501,98711704
12:01:35.100,535363497,98711712
12:01:35.200,535363493,98711719
12:01:35.300,535363489,98711727
12:01:35.400,535363485,98711734
12:01:35.500,535363480,98711742
12:01:35.600,535363476,98711750
12:01:35.700,535363472,98711757
12:01:35.800,535363468,98711764
12:01:35.900,535363464,98711772
12:01:36.000,535363460,98711779
12:01:36.100,535363455,98711786
12:01:36.200,535363451,98711794
12:01:36.300,535363447,98711801
12:01:36.400,535363443,98711808
12:01:36.500,535363439,98711815
12:01:36.600,535363435,98711823
12:01:36.700,535363431,98711830
12:01:36.800,535363427,98711838
12:01:36.900,535363423,98711845
12:01:37.000,535363419,98711852
12:01:37.100,535363415,98711860
12:01:37.200,535363411,98711868
12:01:37.300,535363407,98711876
12:01:37.400,535363404,98711883
12:01:37.500,535363399,98711889
12:01:37.600,535363395,98711896
12:01:37.700,535363391,98711904
12:01:37.800,535363387,98711912
12:01:37.900,535363383,98711919
12:01:38.000,535363379,98711927
12:01:38.100,535363374,98711934
12:01:38.200,535363370,98711941
12:01:38.300,535363366,98711948
12:01:38.400,535363362,98711955
12:01:38.500,535363357,98711963
12:01:38.600,535363353,98711970
12:01:38.700,535363349,98711978
12:01:38.800,535363344,98711985
12:01:38.900,535363341,98711993
12:01:39.000,535363337,98712000
12:01:39.100,535363333,98712007
12:01:39.200,535363329,98712013
12:01:39.300,535363325,98712021
12:01:39.400,535363322,98712028
12:01:39.500,535363318,98712035
12:01:39.600,535363314,98712042
12:01:39.700,535363310,98712049
12:01:39.800,535363307,98712056
12:01:39.900,535363302,98712063
12:01:40.000,535363299,98712071
12:01:40.100,535363295,98712078
12:01:40.200,535363290,98712085
12:01:40.300,535363286,98712092
12:01:40.400,535363282,98712100
12:01:40.500,535363278,98712107
12:01:40.600,535363273,98712116
12:01:40.700,535363269,98712123
12:01:40.800,535363265,98712131
12:01:40.900,535363261,98712138
12:01:41.000,535363257,98712145
12:01:41.100,535363252,98712153
12:01:41.200,535363248,98712160
12:01:41.300,535363244,98712167
12:01:41.400,535363240,98712175
12:01:41.500,535363236,98712181
12:01:41.600,535363232,98712189
12:01:41.700,535363228,98712196
12:01:41.800,535363224,98712203
12:01:41.900,535363221,98712210
12:01:42.000,535363217,98712217
12:01:42.100,535363213,98712224
12:01:42.200,535363209,98712231
12:01:42.300,535363205,98712238
12:01:42.400,535363202,98712246
12:01:42.500,535363198,98712252
12:01:42.600,535363194,98712260
12:01:42.700,535363190,98712267
12:01:42.800,535363186,98712274
12:01:42.900,535363183,98712281
12:01:43.000,535363178,98712288
12:01:43.100,535363175,98712295
12:01:43.200,535363171,98712302
12:01:43.300,535363166,98712309
12:01:43.400,535363162,98712316
12:01:43.500,535363158,98712324
12:01:43.600,535363155,98712330
12:01:43.700,535363150,98712337
12:01:43.800,535363146,98712345
12:01:43.900,535363142,98712352
12:01:44.000,535363137,98712359
12:01:44.100,535363133,98712366
12:01:44.200,535363129,98712374
12:01:44.300,535363125,98712381
12:01:44.400,535363121,98712388
12:01:44.500,535363117,98712395
12:01:44.600,535363112,98712402
12:01:44.700,535363109,98712409
12:01:44.800,535363105,98712416
12:01:44.900,535363101,98712423
12:01:45.000,535363097,98712429
12:01:45.100,535363094,98712436
12:01:45.200,535363090,98712442
12:01:45.300,535363087,98712449
12:01:45.400,535363084,98712456
12:01:45.500,535363080,98712462
12:01:45.600,535363076,98712469
12:01:45.700,535363073,98712476
12:01:45.800,535363069,98712483
12:01:45.900,535363065,98712490
12:01:46.000,535363061,98712497
12:01:46.100,535363058,98712503
12:01:46.200,535363054,98712510
12:01:46.300,535363049,98712516
12:01:46.400,535363045,98712523
12:01:46.500,535363041,98712530
12:01:46.600,535363036,98712537
12:01:46.700,535363032,98712544
12:01:46.800,535363028,98712551
12:01:46.900,535363024,98712559
12:01:47.000,535363019,98712566
12:01:47.100,535363016,98712572
12:01:47.200,535363012,98712579
12:01:47.300,535363008,98712584
12:01:47.400,535363004,98712591
12:01:47.500,535363000,98712598
12:01:47.600,535362997,98712605
12:01:47.700,535362992,98712612
12:01:47.800,535362988,98712620
12:01:47.900,535362985,98712625
12:01:48.000,535362981,98712632
12:01:48.100,535362976,98712637
12:01:48.200,535362973,98712642
12:01:48.300,535362968,98712647
12:01:48.400,535362963,98712652
12:01:48.500,535362959,98712657
12:01:48.600,535362955,98712662
12:01:48.700,535362950,98712668
12:01:48.800,535362945,98712674
12:01:49.000,535362936,98712685
12:01:49.100,535362932,98712691
12:01:49.200,535362928,98712697
12:01:49.300,535362923,98712702
12:01:49.400,535362919,98712707
12:01:49.500,535362915,98712713
12:01:49.600,535362911,98712719
12:01:49.700,535362906,98712724
12:01:49.800,535362902,98712730
12:01:49.900,535362898,98712736
12:01:50.000,535362893,98712741
12:01:50.100,535362889,98712747
12:01:50.200,535362884,98712752
12:01:50.300,535362880,98712758
12:01:50.400,535362875,98712765
12:01:50.500,535362871,98712770
12:01:50.600,535362866,98712775
12:01:50.700,535362861,98712781
12:01:50.800,535362857,98712787
12:01:50.900,535362852,98712792
12:01:51.000,535362848,98712798
12:01:51.200,535362839,98712808
12:01:51.300,535362835,98712815
12:01:51.400,535362831,98712820
12:01:51.500,535362827,98712825
12:01:51.600,535362823,98712830
12:01:51.700,535362818,98712835
12:01:51.800,535362814,98712840
12:01:51.900,535362810,98712846
12:01:52.000,535362805,98712851
12:01:52.100,535362801,98712857
12:01:52.200,535362797,98712861
12:01:52.300,535362792,98712868
12:01:52.400,535362788,98712873
12:01:52.500,535362784,98712879
12:01:52.600,535362779,98712885
12:01:52.700,535362775,98712891
12:01:52.800,535362771,98712897
12:01:52.900,535362766,98712902
12:01:53.000,535362762,98712907
12:01:53.100,535362757,98712913
12:01:53.200,535362752,98712918
12:01:53.300,535362748,98712922
12:01:53.400,535362743,98712927
12:01:53.500,535362739,98712932
12:01:53.600,535362734,98712937
12:01:53.700,535362730,98712942
12:01:53.800,535362726,98712947
12:01:53.900,535362722,98712952
12:01:54.000,535362718,98712956
12:01:54.100,535362714,98712961
12:01:54.200,535362710,98712967
12:01:54.300,535362706,98712973
12:01:54.400,535362703,98712977
12:01:54.500,535362699,98712983
12:01:54.600,535362695,98712990
12:01:54.700,535362691,98712996
12:01:54.800,535362687,98713002
12:01:54.900,535362683,98713008
12:01:55.000,535362679,98713014
12:01:55.100,535362675,98713020
12:01:55.200,535362671,98713026
12:01:55.300,535362666,98713032
12:01:55.400,535362662,98713037
12:01:55.500,535362658,98713043
12:01:55.600,535362653,98713049
12:01:55.700,535362649,98713054
12:01:55.800,535362645,98713059
12:01:55.900,535362641,98713064
12:01:56.000,535362637,98713070
12:01:56.100,535362633,98713075
12:01:56.200,535362629,98713081
12:01:56.300,535362625,98713087
12:01:56.400,535362621,98713092
12:01:56.500,535362618,98713097
12:01:56.600,535362614,98713103
12:01:56.700,535362611,98713108
12:01:56.800,535362606,98713114
12:01:56.900,535362603,98713120
12:01:57.000,535362599,98713125
12:01:57.100,535362594,98713132
12:01:57.200,535362591,98713137
12:01:57.300,535362587,98713144
12:01:57.400,535362583,98713149
12:01:57.500,535362578,98713154
12:01:57.600,535362574,98713160
12:01:57.700,535362570,98713166
12:01:57.800,535362565,98713171
12:01:57.900,535362561,98713177
12:01:58.000,535362557,98713182
12:01:58.100,535362552,98713188
12:01:58.200,535362548,98713193
12:01:58.300,535362544,98713198
12:01:58.400,535362540,98713204
12:01:58.500,535362537,98713209
12:01:58.600,535362533,98713215
12:01:58.700,535362529,98713220
12:01:58.800,535362526,98713225
12:01:58.900,535362522,98713230
12:01:59.000,535362518,98713236
12:01:59.100,535362515,98713241
12:01:59.200,535362511,98713246
12:01:59.300,535362508,98713251
12:01:59.400,535362504,98713256
12:01:59.500,535362500,98713262
12:01:59.600,535362496,98713267
12:01:59.700,535362492,98713272
12:01:59.800,535362488,98713277
12:01:59.900,535362483,98713283
12:02:00.000,535362479,98713289
12:02:00.100,535362475,98713294
12:02:00.200,535362471,98713300
12:02:00.300,535362466,98713306
12:02:00.400,535362462,98713311
12:02:00.500,535362457,98713315
12:02:00.600,535362453,98713319
12:02:00.700,535362449,98713324
12:02:00.800,535362445,98713328
12:02:00.900,535362440,98713332
12:02:01.000,535362436,98713337
12:02:01.100,535362432,98713342
12:02:01.200,535362428,98713347
12:02:01.300,535362423,98713351
12:02:01.400,535362419,98713356
12:02:01.500,535362415,98713360
12:02:01.600,535362410,98713365
12:02:01.700,535362406,98713370
12:02:01.800,535362402,98713375
12:02:01.900,535362399,98713380
12:02:02.000,535362395,98713385
12:02:02.100,535362391,98713390
12:02:02.200,535362387,98713396
12:02:02.300,535362383,98713400
12:02:02.400,535362380,98713406
12:02:02.500,535362376,98713411
12:02:02.600,535362372,98713416
12:02:02.700,535362368,98713420
12:02:02.800,535362365,98713425
12:02:02.900,535362360,98713430
12:02:03.000,535362356,98713434
12:02:03.100,535362352,98713439
12:02:03.200,535362348,98713444
12:02:03.300,535362343,98713448
12:02:03.400,535362339,98713453
12:02:03.500,535362336,98713458
12:02:03.600,535362331,98713464
12:02:03.700,535362327,98713469
12:02:03.800,535362323,98713475
12:02:03.900,535362319,98713480
12:02:04.000,535362316,98713486
12:02:04.100,535362312,98713491
12:02:04.200,535362308,98713495
12:02:04.300,535362304,98713502
12:02:04.400,535362300,98713508
12:02:04.500,535362296,98713513
12:02:04.600,535362291,98713518
12:02:04.700,535362287,98713523
12:02:04.800,535362283,98713528
12:02:04.900,535362279,98713532
12:02:05.000,535362276,98713537
12:02:05.100,535362272,98713542
12:02:05.200,535362269,98713546
12:02:05.300,535362265,98713551
12:02:05.400,535362261,98713555
12:02:05.500,535362257,98713559
12:02:05.600,535362253,98713564
12:02:05.700,535362249,98713569
12:02:05.800,535362245,98713574
12:02:05.900,535362242,98713579
12:02:06.000,535362237,98713585
12:02:06.100,535362233,98713590
12:02:06.200,535362229,98713596
12:02:06.300,535362225,98713601
12:02:06.400,535362221,98713606
12:02:06.500,535362217,98713611
12:02:06.600,535362213,98713616
12:02:06.700,535362209,98713622
12:02:06.800,535362205,98713627
12:02:06.900,535362201,98713632
12:02:07.000,535362197,98713637
12:02:07.100,535362193,98713642
12:02:07.200,535362189,98713647
12:02:07.300,535362186,98713652
12:02:07.400,535362182,98713657
12:02:07.500,535362178,98713662
12:02:07.600,535362174,98713667
12:02:07.700,535362170,98713672
12:02:07.800,535362166,98713678
12:02:07.900,535362162,98713683
12:02:08.000,535362159,98713688
12:02:08.100,535362155,98713693
12:02:08.200,535362151,98713697
12:02:08.300,535362147,98713703
12:02:08.400,535362142,98713707
12:02:08.500,535362138,98713713
12:02:08.600,535362135,98713717
12:02:08.700,535362131,98713722
12:02:08.800,535362127,98713728
12:02:08.900,535362123,98713733
12:02:09.000,535362119,98713738
12:02:09.100,535362116,98713743
12:02:09.200,535362112,98713748
12:02:09.300,535362108,98713753
12:02:09.400,535362105,98713757
12:02:09.500,535362101,98713763
12:02:09.600,535362097,98713768
12:02:09.700,535362093,98713773
12:02:09.800,535362089,98713778
12:02:09.900,535362085,98713783
12:02:10.000,535362082,98713788
12:02:10.100,535362077,98713793
12:02:10.200,535362073,98713797
12:02:10.300,535362069,98713803
12:02:10.400,535362065,98713808
12:02:10.500,535362061,98713813
12:02:10.600,535362057,98713818
12:02:10.700,535362053,98713823
12:02:10.800,535362049,98713829
12:02:10.900,535362045,98713834
12:02:11.000,535362040,98713839
12:02:11.100,535362036,98713845
12:02:11.200,535362032,98713849
12:02:11.300,535362028,98713854
12:02:11.400,535362025,98713859
12:02:11.500,535362021,98713864
12:02:11.600,535362017,98713869
12:02:11.700,535362014,98713874
12:02:11.800,535362010,98713879
12:02:11.900,535362006,98713884
12:02:12.000,535362003,98713889
12:02:12.100,535361999,98713894
12:02:12.200,535361995,98713900
12:02:12.300,535361991,98713904
12:02:12.400,535361988,98713909
12:02:12.500,535361984,98713914
12:02:12.600,535361980,98713919
12:02:12.700,535361976,98713924
12:02:12.800,535361972,98713930
12:02:12.900,535361967,98713935
12:02:13.000,535361964,98713940
12:02:13.100,535361959,98713946
12:02:13.200,535361956,98713951
12:02:13.300,535361952,98713956
12:02:13.400,535361948,98713962
12:02:13.500,535361944,98713967
12:02:13.600,535361940,98713972
12:02:13.700,535361937,98713977
12:02:13.800,535361933,98713982
12:02:13.900,535361929,98713987
12:02:14.000,535361926,98713992
12:02:14.100,535361922,98713997
12:02:14.200,535361919,98714002
12:02:14.300,535361915,98714007
12:02:14.400,535361911,98714012
12:02:14.500,535361907,98714017
12:02:14.600,535361904,98714022
12:02:14.700,535361900,98714026
12:02:14.800,535361896,98714031
12:02:14.900,535361892,98714036
12:02:15.000,535361889,98714041
12:02:15.100,535361885,98714047
12:02:15.200,535361881,98714052
12:02:15.300,535361878,98714057
12:02:15.400,535361874,98714062
12:02:15.500,535361870,98714067
12:02:15.600,535361866,98714072
12:02:15.700,535361862,98714078
12:02:15.800,535361859,98714082
12:02:15.900,535361855,98714087
12:02:16.000,535361851,98714092
12:02:16.100,535361847,98714097
12:02:16.200,535361844,98714102
12:02:16.300,535361840,98714105
12:02:16.400,535361837,98714110
12:02:16.500,535361833,98714115
12:02:16.600,535361829,98714119
12:02:16.700,535361826,98714124
12:02:16.800,535361822,98714129
12:02:16.900,535361818,98714134
12:02:17.000,535361814,98714139
12:02:17.100,535361810,98714144
12:02:17.200,535361806,98714149
12:02:17.300,535361802,98714154
12:02:17.400,535361798,98714160
12:02:17.500,535361794,98714165
12:02:17.600,535361790,98714170
12:02:17.700,535361786,98714174
12:02:17.800,535361781,98714178
12:02:17.900,535361777,98714183
12:02:18.000,535361773,98714187
12:02:18.100,535361769,98714191
12:02:18.200,535361765,98714194
12:02:18.300,535361761,98714198
12:02:18.400,535361757,98714202
12:02:18.500,535361753,98714206
12:02:18.600,535361750,98714210
12:02:18.700,535361745,98714214
12:02:18.800,535361741,98714218
12:02:18.900,535361738,98714222
12:02:19.000,535361733,98714226
12:02:19.100,535361729,98714230
12:02:19.200,535361725,98714234
12:02:19.300,535361720,98714238
12:02:19.400,535361716,98714243
12:02:19.500,535361712,98714247
12:02:19.600,535361708,98714251
12:02:19.700,535361704,98714255
12:02:19.800,535361700,98714259
12:02:19.900,535361696,98714264
12:02:20.000,535361692,98714268
12:02:20.100,535361688,98714272
12:02:20.200,535361684,98714276
12:02:20.300,535361680,98714280
12:02:20.400,535361676,98714285
12:02:20.500,535361672,98714289
12:02:20.600,535361668,98714293
12:02:20.700,535361664,98714297
12:02:20.800,535361660,98714301
12:02:20.900,535361655,98714305
12:02:21.000,535361652,98714310
12:02:21.100,535361648,98714315
12:02:21.200,535361643,98714318
12:02:21.300,535361640,98714322
12:02:21.400,535361636,98714326
12:02:21.500,535361632,98714330
12:02:21.600,535361629,98714335
12:02:21.700,535361625,98714340
12:02:21.800,535361622,98714345
12:02:21.900,535361619,98714351
12:02:22.000,535361616,98714356
12:02:22.100,535361613,98714363
12:02:22.200,535361610,98714369
12:02:22.300,535361607,98714374
12:02:22.400,535361604,98714380
12:02:22.500,535361601,98714387
12:02:22.600,535361598,98714394
12:02:22.700,535361595,98714400
12:02:22.800,535361591,98714407
12:02:22.900,535361588,98714414
12:02:23.000,535361585,98714419
12:02:23.100,535361582,98714425
12:02:23.200,535361578,98714431
12:02:23.300,535361575,98714436
12:02:23.400,535361572,98714441
12:02:23.500,535361569,98714447
12:02:23.600,535361565,98714452
12:02:23.700,535361562,98714458
12:02:23.800,535361559,98714464
12:02:23.900,535361556,98714469
12:02:24.000,535361553,98714475
12:02:24.100,535361551,98714477
12:02:24.200,535361549,98714480
12:02:24.300,535361548,98714483
12:02:24.400,535361547,98714485
12:02:24.500,535361546,98714487
12:02:24.600,535361545,98714489
12:02:24.700,535361544,98714490
12:02:24.800,535361543,98714491
12:02:24.900,535361543,98714493
12:02:25.000,535361542,98714494
12:02:25.100,535361542,98714495
12:02:25.200,535361541,98714496
12:02:25.300,535361541,98714497
12:02:25.400,535361539,98714500
12:02:25.500,535361537,98714506
12:02:25.600,535361536,98714510
12:02:25.700,535361535,98714517
12:02:25.800,535361533,98714524
12:02:25.900,535361531,98714530
12:02:26.000,535361529,98714539
12:02:26.100,535361528,98714547
12:02:26.200,535361526,98714556
12:02:26.300,535361524,98714565
12:02:26.400,535361523,98714573
12:02:26.500,535361522,98714579
12:02:26.600,535361521,98714584
12:02:26.700,535361520,98714589
12:02:26.800,535361519,98714593
12:02:26.900,535361517,98714595
12:02:27.000,535361516,98714597
12:02:27.100,535361516,98714598
12:02:27.200,535361515,98714600
12:02:27.300,535361514,98714604
12:02:27.400,535361512,98714608
12:02:27.500,535361511,98714614
12:02:27.700,535361509,98714625
12:02:27.800,535361508,98714632
12:02:27.900,535361507,98714639
12:02:28.000,535361507,98714647
12:02:28.100,535361507,98714655
12:02:28.200,535361507,98714663
12:02:28.300,535361508,98714673
12:02:28.400,535361508,98714681
12:02:28.500,535361509,98714691
12:02:28.600,535361510,98714699
12:02:28.700,535361510,98714707
12:02:28.800,535361511,98714715
12:02:28.900,535361512,98714723
12:02:29.000,535361512,98714731
12:02:29.100,535361512,98714739
12:02:29.200,535361512,98714747
12:02:29.300,535361512,98714754
12:02:29.400,535361513,98714762
12:02:29.500,535361513,98714771
12:02:29.600,535361514,98714779
12:02:29.700,535361517,98714786
12:02:29.800,535361519,98714793
12:02:29.900,535361522,98714800
12:02:30.000,535361525,98714806
12:02:30.100,535361529,98714811
12:02:30.200,535361532,98714818
12:02:30.300,535361535,98714823
12:02:30.400,535361537,98714829
12:02:30.500,535361540,98714835
12:02:30.600,535361543,98714840
12:02:30.700,535361546,98714844
12:02:30.800,535361549,98714847
12:02:30.900,535361553,98714849
12:02:31.000,535361557,98714850
12:02:31.100,535361563,98714851
12:02:31.200,535361568,98714850
12:02:31.300,535361573,98714849
12:02:31.400,535361577,98714848
12:02:31.500,535361583,98714847
12:02:31.600,535361588,98714845
12:02:31.700,535361592,98714844
12:02:31.800,535361597,98714842
12:02:31.900,535361603,98714841
12:02:32.000,535361609,98714841
12:02:32.100,535361615,98714841
12:02:32.200,535361623,98714841
12:02:32.300,535361631,98714843
12:02:32.400,535361640,98714845
12:02:32.500,535361647,98714848
12:02:32.600,535361655,98714851
12:02:32.700,535361662,98714856
12:02:32.800,535361670,98714860
12:02:32.900,535361677,98714865
12:02:33.000,535361682,98714865
12:02:33.100,535361686,98714864
12:02:33.200,535361690,98714863
12:02:33.300,535361694,98714858
12:02:33.400,535361698,98714852
12:02:33.500,535361702,98714844
12:02:33.600,535361704,98714835
12:02:33.700,535361707,98714823
12:02:33.800,535361709,98714813
12:02:33.900,535361711,98714802
12:02:34.000,535361713,98714791
12:02:34.100,535361715,98714778
12:02:34.200,535361718,98714766
12:02:34.300,535361721,98714755
12:02:34.400,535361724,98714745
12:02:34.500,535361730,98714736
12:02:34.600,535361735,98714728
12:02:34.700,535361740,98714722
12:02:34.800,535361747,98714717
12:02:34.900,535361754,98714712
12:02:35.000,535361761,98714707
12:02:35.100,535361769,98714702
12:02:35.200,535361776,98714697
12:02:35.300,535361783,98714692
12:02:35.400,535361789,98714683
12:02:35.500,535361795,98714675
12:02:35.600,535361799,98714666
12:02:35.700,535361801,98714657
12:02:35.800,535361803,98714648
12:02:35.900,535361805,98714636
12:02:36.000,535361807,98714626
12:02:36.100,535361810,98714617
12:02:36.200,535361811,98714610
12:02:36.300,535361813,98714602
12:02:36.400,535361817,98714594
12:02:36.500,535361819,98714586
12:02:36.600,535361822,98714581
12:02:36.700,535361825,98714572
12:02:36.800,535361829,98714563
12:02:36.900,535361833,98714551
12:02:37.000,535361837,98714540
12:02:37.100,535361841,98714528
12:02:37.200,535361846,98714515
12:02:37.300,535361850,98714503
12:02:37.400,535361854,98714490
12:02:37.500,535361858,98714478
12:02:37.600,535361862,98714466
12:02:37.700,535361866,98714454
12:02:37.800,535361869,98714444
12:02:37.900,535361873,98714433
12:02:38.000,535361877,98714424
12:02:38.100,535361880,98714415
12:02:38.200,535361883,98714407
12:02:38.300,535361887,98714398
12:02:38.400,535361890,98714390
12:02:38.500,535361893,98714382
12:02:38.600,535361896,98714373
12:02:38.700,535361899,98714364
12:02:38.800,535361902,98714355
12:02:38.900,535361906,98714346
12:02:39.000,535361909,98714336
12:02:39.100,535361913,98714326
12:02:39.200,535361916,98714317
12:02:39.300,535361921,98714308
12:02:39.400,535361925,98714299
12:02:39.500,535361931,98714290
12:02:39.600,535361936,98714282
12:02:39.700,535361942,98714273
12:02:39.800,535361948,98714265
12:02:39.900,535361953,98714257
12:02:40.000,535361958,98714250
12:02:40.100,535361963,98714241
12:02:40.200,535361968,98714231
12:02:40.300,535361974,98714221
12:02:40.400,535361979,98714212
12:02:40.500,535361984,98714201
12:02:40.600,535361989,98714190
12:02:40.700,535361994,98714179
12:02:40.800,535361998,98714170
12:02:40.900,535362003,98714159
12:02:41.000,535362008,98714148
12:02:41.100,535362012,98714139
12:02:41.200,535362018,98714129
12:02:41.300,535362022,98714120
12:02:41.400,535362026,98714110
12:02:41.500,535362030,98714102
12:02:41.600,535362035,98714094
12:02:41.700,535362040,98714086
12:02:41.800,535362045,98714080
12:02:41.900,535362049,98714072
12:02:42.000,535362054,98714066
12:02:42.100,535362059,98714057
12:02:42.200,535362064,98714049
12:02:42.300,535362070,98714040
12:02:42.400,535362075,98714032
12:02:42.500,535362080,98714023
12:02:42.600,535362085,98714013
12:02:42.700,535362091,98714004
12:02:42.800,535362095,98713994
12:02:42.900,535362101,98713985
12:02:43.000,535362106,98713976
12:02:43.100,535362112,98713967
12:02:43.200,535362118,98713957
12:02:43.300,535362123,98713948
12:02:43.400,535362128,98713938
12:02:43.500,535362133,98713927
12:02:43.600,535362139,98713918
12:02:43.700,535362144,98713909
12:02:43.800,535362149,98713899
12:02:43.900,535362154,98713889
12:02:44.000,535362160,98713880
12:02:44.100,535362165,98713871
12:02:44.200,535362170,98713862
12:02:44.300,535362176,98713853
12:02:44.400,535362180,98713843
12:02:44.500,535362185,98713835
12:02:44.600,535362189,98713826
12:02:44.700,535362194,98713818
12:02:44.800,535362199,98713809
12:02:44.900,535362204,98713800
12:02:45.000,535362208,98713792
12:02:45.100,535362213,98713783
12:02:45.200,535362218,98713774
12:02:45.300,535362223,98713765
12:02:45.400,535362227,98713756
12:02:45.500,535362233,98713747
12:02:45.600,535362237,98713738
12:02:45.700,535362243,98713728
12:02:45.800,535362248,98713719
12:02:45.900,535362253,98713710
12:02:46.000,535362259,98713701
12:02:46.100,535362264,98713692
12:02:46.200,535362268,98713682
12:02:46.300,535362274,98713674
12:02:46.400,535362279,98713665
12:02:46.500,535362284,98713656
12:02:46.600,535362289,98713647
12:02:46.700,535362294,98713637
12:02:46.900,535362304,98713619
12:02:47.000,535362308,98713610
12:02:47.100,535362314,98713601
12:02:47.200,535362318,98713592
12:02:47.300,535362323,98713582
12:02:47.400,535362328,98713573
12:02:47.500,535362333,98713563
12:02:47.600,535362338,98713554
12:02:47.700,535362343,98713544
12:02:47.800,535362348,98713534
12:02:47.900,535362353,98713525
12:02:48.000,535362359,98713515
12:02:48.100,535362364,98713507
12:02:48.200,535362369,98713497
12:02:48.300,535362374,98713488
12:02:48.400,535362379,98713479
12:02:48.500,535362384,98713470
12:02:48.600,535362389,98713461
12:02:48.700,535362393,98713452
12:02:48.800,535362398,98713443
12:02:48.900,535362402,98713434
12:02:49.000,535362407,98713425
12:02:49.100,535362412,98713416
12:02:49.200,535362416,98713406
12:02:49.300,535362421,98713397
12:02:49.400,535362426,98713388
12:02:49.500,535362431,98713379
12:02:49.600,535362436,98713370
12:02:49.700,535362441,98713360
12:02:49.800,535362447,98713350
12:02:49.900,535362452,98713340
12:02:50.000,535362458,98713330
12:02:50.100,535362463,98713321
12:02:50.200,535362468,98713311
12:02:50.300,535362473,98713302
12:02:50.400,535362478,98713292
12:02:50.500,535362483,98713283
12:02:50.600,535362487,98713273
12:02:50.700,535362493,98713263
12:02:50.800,535362497,98713253
12:02:50.900,535362502,98713244
12:02:51.000,535362507,98713235
12:02:51.100,535362512,98713226
12:02:51.200,535362518,98713218
12:02:51.300,535362523,98713210
12:02:51.400,535362529,98713202
12:02:51.500,535362535,98713195
12:02:51.600,535362541,98713187
12:02:51.700,535362546,98713178
12:02:51.800,535362552,98713171
12:02:51.900,535362557,98713163
12:02:52.000,535362562,98713154
12:02:52.100,535362567,98713146
12:02:52.200,535362572,98713137
12:02:52.300,535362577,98713127
12:02:52.400,535362582,98713117
12:02:52.500,535362586,98713107
12:02:52.600,535362591,98713096
12:02:52.700,535362595,98713087
12:02:52.800,535362600,98713079
12:02:52.900,535362605,98713069
12:02:53.000,535362611,98713060
12:02:53.100,535362616,98713052
12:02:53.200,535362622,98713043
12:02:53.300,535362627,98713035
12:02:53.400,535362632,98713027
12:02:53.500,535362638,98713017
12:02:53.600,535362643,98713009
12:02:53.700,535362648,98712999
12:02:53.800,535362653,98712991
12:02:53.900,535362658,98712981
12:02:54.000,535362663,98712973
12:02:54.100,535362667,98712964
12:02:54.200,535362672,98712954
12:02:54.300,535362677,98712946
12:02:54.400,535362682,98712937
12:02:54.500,535362687,98712928
12:02:54.600,535362692,98712918
12:02:54.700,535362697,98712909
12:02:54.800,535362702,98712901
12:02:54.900,535362707,98712892
12:02:55.000,535362712,98712883
12:02:55.100,535362717,98712874
12:02:55.200,535362722,98712865
12:02:55.300,535362727,98712854
12:02:55.400,535362732,98712846
12:02:55.500,535362737,98712838
12:02:55.600,535362741,98712828
12:02:55.700,535362746,98712820
12:02:55.800,535362750,98712811
12:02:55.900,535362755,98712802
12:02:56.000,535362759,98712793
12:02:56.100,535362764,98712785
12:02:56.200,535362769,98712776
12:02:56.300,535362774,98712767
12:02:56.400,535362779,98712759
12:02:56.500,535362784,98712749
12:02:56.600,535362788,98712740
12:02:56.700,535362793,98712731
12:02:56.800,535362798,98712722
12:02:56.900,535362803,98712713
12:02:57.000,535362807,98712703
12:02:57.100,535362812,98712694
12:02:57.200,535362817,98712686
12:02:57.300,535362822,98712676
12:02:57.400,535362826,98712667
12:02:57.500,535362832,98712658
12:02:57.600,535362836,98712649
12:02:57.700,535362841,98712640
12:02:57.800,535362845,98712630
12:02:57.900,535362850,98712622
12:02:58.000,535362855,98712612
12:02:58.100,535362860,98712604
12:02:58.200,535362863,98712594
12:02:58.300,535362868,98712584
12:02:58.400,535362873,98712576
12:02:58.500,535362878,98712566
12:02:58.600,535362883,98712557
12:02:58.700,535362887,98712549
12:02:58.800,535362892,98712539
12:02:58.900,535362897,98712530
12:02:59.000,535362901,98712522
12:02:59.100,535362906,98712513
12:02:59.200,535362910,98712503
12:02:59.300,535362914,98712495
12:02:59.400,535362920,98712485
12:02:59.500,535362924,98712476
12:02:59.600,535362929,98712466
12:02:59.700,535362933,98712458
12:02:59.800,535362938,98712448
12:02:59.900,535362943,98712438
12:03:00.000,535362947,98712428
12:03:00.100,535362952,98712418
12:03:00.200,535362956,98712409
12:03:00.300,535362961,98712398
12:03:00.400,535362966,98712388
12:03:00.500,535362971,98712379
12:03:00.600,535362976,98712369
12:03:00.700,535362981,98712359
12:03:00.800,535362985,98712350
12:03:00.900,535362990,98712340
12:03:01.000,535362994,98712332
12:03:01.100,535362998,98712322
12:03:01.200,535363002,98712314
12:03:01.300,535363006,98712305
12:03:01.400,535363011,98712296
12:03:01.500,535363015,98712286
12:03:01.600,535363020,98712278
12:03:01.700,535363024,98712270
12:03:01.800,535363028,98712261
12:03:01.900,535363033,98712253
12:03:02.000,535363038,98712245
12:03:02.100,535363043,98712236
12:03:02.200,535363048,98712228
12:03:02.300,535363053,98712219
12:03:02.400,535363058,98712209
12:03:02.500,535363063,98712200
12:03:02.600,535363069,98712191
12:03:02.700,535363073,98712182
12:03:02.800,535363079,98712172
12:03:02.900,535363084,98712163
12:03:03.000,535363088,98712154
12:03:03.100,535363094,98712144
12:03:03.200,535363099,98712135
12:03:03.300,535363103,98712127
12:03:03.400,535363108,98712117
12:03:03.500,535363113,98712109
12:03:03.600,535363118,98712100
12:03:03.700,535363123,98712092
12:03:03.800,535363127,98712084
12:03:03.900,535363132,98712074
12:03:04.000,535363136,98712066
12:03:04.100,535363141,98712057
12:03:04.200,535363145,98712048
12:03:04.300,535363150,98712039
12:03:04.400,535363155,98712030
12:03:04.500,535363159,98712022
12:03:04.600,535363164,98712013
12:03:04.700,535363169,98712004
12:03:04.800,535363173,98711995
12:03:04.900,535363178,98711987
12:03:05.000,535363183,98711977
12:03:05.100,535363188,98711970
12:03:05.200,535363193,98711960
12:03:05.300,535363197,98711951
12:03:05.400,535363202,98711943
12:03:05.500,535363207,98711933
12:03:05.600,535363212,98711926
12:03:05.700,535363216,98711916
12:03:05.800,535363220,98711909
12:03:05.900,535363225,98711900
12:03:06.000,535363230,98711891
12:03:06.100,535363234,98711883
12:03:06.200,535363238,98711875
12:03:06.300,535363243,98711866
12:03:06.400,535363247,98711858
12:03:06.500,535363252,98711849
12:03:06.600,535363257,98711839
12:03:06.700,535363261,98711832
12:03:06.800,535363266,98711822
12:03:06.900,535363271,98711813
12:03:07.000,535363276,98711804
12:03:07.100,535363280,98711796
12:03:07.200,535363285,98711787
12:03:07.300,535363290,98711777
12:03:07.400,535363294,98711770
12:03:07.500,535363299,98711761
12:03:07.600,535363303,98711752
12:03:07.700,535363307,98711744
12:03:07.800,535363312,98711736
12:03:07.900,535363316,98711727
12:03:08.000,535363321,98711718
12:03:08.100,535363325,98711709
12:03:08.200,535363330,98711700
12:03:08.300,535363335,98711691
12:03:08.400,535363339,98711683
12:03:08.500,535363343,98711674
12:03:08.600,535363348,98711664
12:03:08.700,535363352,98711656
12:03:08.800,535363357,98711647
12:03:08.900,535363361,98711638
12:03:09.000,535363366,98711629
12:03:09.100,535363371,98711619
12:03:09.200,535363376,98711610
12:03:09.300,535363380,98711600
12:03:09.400,535363385,98711592
12:03:09.500,535363389,98711583
12:03:09.600,535363394,98711574
12:03:09.700,535363399,98711565
12:03:09.800,535363403,98711557
12:03:09.900,535363407,98711549
12:03:10.000,535363411,98711539
12:03:10.100,535363416,98711531
12:03:10.200,535363420,98711523
12:03:10.300,535363424,98711513
12:03:10.400,535363429,98711505
12:03:10.500,535363433,98711496
12:03:10.600,535363438,98711487
12:03:10.700,535363442,98711478
12:03:10.800,535363447,98711469
12:03:10.900,535363452,98711459
12:03:11.000,535363456,98711450
12:03:11.100,535363461,98711441
12:03:11.200,535363465,98711433
12:03:11.300,535363470,98711423
12:03:11.400,535363474,98711413
12:03:11.500,535363479,98711403
12:03:11.600,535363483,98711394
12:03:11.700,535363488,98711385
12:03:11.800,535363492,98711375
12:03:11.900,535363496,98711366
12:03:12.000,535363501,98711357
12:03:12.100,535363505,98711348
12:03:12.200,535363509,98711338
12:03:12.300,535363514,98711329
12:03:12.400,535363518,98711321
12:03:12.500,535363523,98711312
12:03:12.600,535363527,98711303
12:03:12.700,535363531,98711294
12:03:12.800,535363536,98711286
12:03:12.900,535363539,98711276
12:03:13.000,535363544,98711267
12:03:13.100,535363548,98711258
12:03:13.200,535363553,98711248
12:03:13.300,535363558,98711238
12:03:13.400,535363562,98711229
12:03:13.500,535363567,98711220
12:03:13.600,535363571,98711210
12:03:13.700,535363575,98711201
12:03:13.800,535363580,98711191
12:03:13.900,535363584,98711181
12:03:14.000,535363589,98711171
12:03:14.100,535363593,98711162
12:03:14.200,535363597,98711152
12:03:14.300,535363602,98711143
12:03:14.400,535363605,98711135
12:03:14.500,535363610,98711126
12:03:14.600,535363614,98711118
12:03:14.700,535363618,98711110
12:03:14.800,535363622,98711103
12:03:14.900,535363627,98711094
12:03:15.100,535363635,98711078
12:03:15.200,535363639,98711070
12:03:15.300,535363643,98711061
12:03:15.400,535363648,98711051
12:03:15.500,535363652,98711043
12:03:15.600,535363657,98711034
12:03:15.700,535363662,98711024
12:03:15.800,535363668,98711016
12:03:15.900,535363673,98711008
12:03:16.000,535363678,98711000
12:03:16.100,535363684,98710991
12:03:16.200,535363689,98710983
12:03:16.300,535363694,98710974
12:03:16.400,535363699,98710965
12:03:16.500,535363704,98710956
12:03:16.600,535363709,98710948
12:03:16.700,535363714,98710939
12:03:16.800,535363718,98710930
12:03:16.900,535363723,98710922
12:03:17.000,535363727,98710913
12:03:17.100,535363732,98710904
12:03:17.200,535363736,98710896
12:03:17.300,535363740,98710888
12:03:17.400,535363745,98710879
12:03:17.500,535363749,98710872
12:03:17.600,535363754,98710862
12:03:17.700,535363758,98710855
12:03:17.800,535363763,98710847
12:03:17.900,535363767,98710839
12:03:18.000,535363772,98710830
12:03:18.100,535363777,98710822
12:03:18.200,535363781,98710815
12:03:18.300,535363785,98710806
12:03:18.400,535363790,98710798
12:03:18.500,535363795,98710789
12:03:18.600,535363799,98710781
12:03:18.700,535363804,98710772
12:03:18.800,535363809,98710763
12:03:18.900,535363813,98710754
12:03:19.000,535363818,98710746
12:03:19.100,535363823,98710737
12:03:19.200,535363828,98710727
12:03:19.300,535363833,98710718
12:03:19.400,535363837,98710709
12:03:19.500,535363842,98710700
12:03:19.600,535363846,98710691
12:03:19.700,535363851,98710682
12:03:19.800,535363855,98710673
12:03:19.900,535363860,98710664
12:03:20.000,535363864,98710656
12:03:20.100,535363869,98710647
12:03:20.200,535363873,98710639
12:03:20.300,535363877,98710630
12:03:20.400,535363881,98710623
12:03:20.500,535363886,98710614
12:03:20.600,535363890,98710606
12:03:20.700,535363894,98710597
12:03:20.800,535363899,98710590
12:03:20.900,535363903,98710581
12:03:21.000,535363907,98710573
12:03:21.100,535363912,98710564
12:03:21.200,535363916,98710555
12:03:21.300,535363920,98710546
12:03:21.400,535363925,98710537
12:03:21.500,535363929,98710527
12:03:21.600,535363934,98710518
12:03:21.700,535363938,98710510
12:03:21.800,535363944,98710501
12:03:21.900,535363948,98710493
12:03:22.000,535363953,98710484
12:03:22.200,535363964,98710467
12:03:22.300,535363969,98710459
12:03:22.400,535363975,98710452
12:03:22.500,535363980,98710446
12:03:22.600,535363986,98710439
12:03:22.700,535363992,98710433
12:03:22.800,535363998,98710426
12:03:22.900,535364004,98710418
12:03:22.000,535364009,98710412
12:03:23.100,535364015,98710404
12:03:23.200,535364020,98710397
12:03:23.300,535364025,98710391
12:03:23.400,535364030,98710384
12:03:23.500,535364035,98710376
12:03:23.600,535364040,98710369
12:03:23.700,535364045,98710363
12:03:23.800,535364050,98710355
12:03:23.900,535364055,98710349
12:03:23.000,535364061,98710342
12:03:24.100,535364066,98710334
12:03:24.200,535364071,98710327
12:03:24.300,535364077,98710319
12:03:24.400,535364082,98710312
12:03:24.500,535364088,98710305
12:03:24.600,535364094,98710298
12:03:24.700,535364099,98710290
12:03:24.800,535364105,98710284
12:03:24.900,535364110,98710276
12:03:24.000,535364116,98710268
12:03:25.100,535364122,98710261
12:03:25.200,535364127,98710253
12:03:25.300,535364133,98710246
12:03:25.400,535364138,98710238
12:03:25.500,535364144,98710230
12:03:25.600,535364149,98710223
12:03:25.700,535364155,98710215
12:03:25.800,535364159,98710207
12:03:25.900,535364165,98710199
12:03:25.000,535364170,98710193
12:03:26.100,535364175,98710185
12:03:26.200,535364180,98710178
12:03:26.300,535364185,98710171
12:03:26.400,535364190,98710163
12:03:26.500,535364195,98710157
12:03:26.600,535364200,98710149
12:03:26.700,535364205,98710143
12:03:26.800,535364210,98710135
12:03:26.900,535364214,98710128
12:03:26.000,535364220,98710121
12:03:27.100,535364225,98710113
12:03:27.200,535364230,98710106
12:03:27.300,535364236,98710100
12:03:27.400,535364241,98710092
12:03:27.500,535364247,98710085
12:03:27.600,535364252,98710077
12:03:27.700,535364258,98710069
12:03:27.800,535364263,98710063
12:03:27.900,535364268,98710055
12:03:27.000,535364274,98710048
12:03:28.100,535364279,98710040
12:03:28.200,535364285,98710033
12:03:28.300,535364290,98710026
12:03:28.400,535364295,98710018
12:03:28.500,535364301,98710010
12:03:28.600,535364306,98710002
12:03:28.700,535364310,98709993
12:03:28.800,535364316,98709985
12:03:28.900,535364321,98709977
12:03:28.000,535364325,98709970
12:03:29.100,535364330,98709963
12:03:29.200,535364334,98709955
12:03:29.300,535364339,98709948
12:03:29.400,535364343,98709941
12:03:29.500,535364348,98709934
12:03:29.600,535364353,98709927
12:03:29.700,535364358,98709920
12:03:29.800,535364363,98709913
12:03:29.900,535364368,98709905
12:03:29.000,535364373,98709898
12:03:30.100,535364378,98709890
12:03:30.200,535364383,98709884
12:03:30.300,535364388,98709876
12:03:30.400,535364393,98709869
12:03:30.500,535364399,98709860
12:03:30.600,535364404,98709853
12:03:30.700,535364409,98709845
12:03:30.800,535364415,98709838
12:03:30.900,535364420,98709830
12:03:30.000,535364426,98709823
12:03:31.100,535364431,98709814
12:03:31.200,535364435,98709807
12:03:31.300,535364441,98709798
12:03:31.400,535364446,98709790
12:03:31.500,535364451,98709782
12:03:31.600,535364456,98709775
12:03:31.700,535364461,98709766
12:03:31.800,535364466,98709757
12:03:31.900,535364471,98709749
12:03:31.000,535364476,98709741
12:03:32.100,535364481,98709733
12:03:32.200,535364486,98709724
12:03:32.300,535364491,98709717
12:03:32.400,535364496,98709709
12:03:32.500,535364500,98709701
12:03:32.600,535364505,98709694
12:03:32.700,535364510,98709686
12:03:32.800,535364515,98709678
12:03:32.800,535364525,98709663
12:03:33.000,535364529,98709655
12:03:33.100,535364535,98709647
12:03:33.200,535364540,98709639
12:03:33.300,535364545,98709631
12:03:33.400,535364551,98709623
12:03:33.500,535364556,98709615
12:03:33.600,535364561,98709605
12:03:33.700,535364566,98709598
12:03:33.800,535364571,98709589
12:03:33.900,535364576,98709580
12:03:34.000,535364581,98709573
12:03:34.100,535364586,98709564
12:03:34.200,535364590,98709556
12:03:34.300,535364596,98709548
12:03:34.400,535364600,98709539
12:03:34.500,535364605,98709531
12:03:34.600,535364610,98709523
12:03:34.700,535364616,98709515
12:03:34.800,535364620,98709506
12:03:34.900,535364626,98709498
12:03:35.000,535364630,98709489
12:03:35.100,535364635,98709482
12:03:35.200,535364639,98709474
12:03:35.300,535364644,98709466
12:03:35.400,535364649,98709459
12:03:35.500,535364653,98709450
12:03:35.600,535364658,98709442
12:03:35.700,535364662,98709434
12:03:35.800,535364667,98709427
12:03:35.900,535364671,98709420
12:03:36.000,535364676,98709412
12:03:36.100,535364681,98709405
12:03:36.200,535364686,98709397
12:03:36.300,535364690,98709389
12:03:36.400,535364695,98709381
12:03:36.500,535364700,98709373
12:03:36.600,535364705,98709365
12:03:36.700,535364710,98709356
12:03:36.800,535364715,98709347
12:03:36.900,535364720,98709339
12:03:37.000,535364725,98709330
12:03:37.100,535364730,98709323
12:03:37.200,535364735,98709314
12:03:37.300,535364740,98709305
12:03:37.400,535364744,98709297
12:03:37.500,535364749,98709288
12:03:37.600,535364753,98709280
12:03:37.700,535364758,98709273
12:03:37.800,535364762,98709264
12:03:37.900,535364766,98709257
12:03:38.000,535364772,98709249
12:03:38.100,535364776,98709242
12:03:38.200,535364781,98709233
12:03:38.300,535364785,98709226
12:03:38.400,535364789,98709217
12:03:38.500,535364794,98709210
12:03:38.600,535364798,98709201
12:03:38.700,535364803,98709193
12:03:38.800,535364807,98709185
12:03:38.900,535364812,98709177
12:03:39.000,535364817,98709169
12:03:39.100,535364822,98709160
12:03:39.200,535364827,98709153
12:03:39.300,535364831,98709144
12:03:39.400,535364836,98709136
12:03:39.500,535364841,98709128
12:03:39.600,535364846,98709120
12:03:39.700,535364851,98709112
12:03:39.800,535364856,98709103
12:03:39.900,535364861,98709095
12:03:40.000,535364865,98709087
12:03:40.100,535364870,98709078
12:03:40.200,535364875,98709070
12:03:40.300,535364879,98709062
12:03:40.400,535364885,98709054
12:03:40.500,535364889,98709047
12:03:40.600,535364894,98709039
12:03:40.700,535364899,98709031
12:03:40.800,535364904,98709024
12:03:40.900,535364909,98709016
12:03:41.000,535364913,98709008
12:03:41.100,535364918,98709000
12:03:41.200,535364923,98708991
12:03:41.300,535364928,98708982
12:03:41.400,535364933,98708973
12:03:41.500,535364938,98708964
12:03:41.600,535364942,98708954
12:03:41.700,535364946,98708945
12:03:41.800,535364951,98708934
12:03:41.900,535364955,98708925
12:03:42.000,535364960,98708916
12:03:42.100,535364964,98708907
12:03:42.200,535364968,98708899
12:03:42.300,535364972,98708891
12:03:42.400,535364977,98708884
12:03:42.500,535364981,98708875
12:03:42.600,535364985,98708868
12:03:42.700,535364990,98708859
12:03:42.800,535364993,98708850
12:03:42.900,535364998,98708841
12:03:43.000,535365002,98708832
12:03:43.100,535365006,98708822
12:03:43.200,535365010,98708812
12:03:43.300,535365015,98708801
12:03:43.400,535365019,98708792
12:03:43.500,535365023,98708783
12:03:43.600,535365028,98708774
12:03:43.700,535365031,98708765
12:03:43.800,535365035,98708755
12:03:43.900,535365039,98708746
12:03:44.000,535365043,98708736
12:03:44.100,535365046,98708727
12:03:44.200,535365049,98708718
12:03:44.300,535365053,98708709
12:03:44.400,535365056,98708700
12:03:44.500,535365060,98708691
12:03:44.600,535365060,98708673
12:03:44.800,535365068,98708663
12:03:44.900,535365072,98708654
12:03:45.000,535365076,98708644
12:03:45.100,535365080,98708634
12:03:45.200,535365083,98708624
12:03:45.300,535365088,98708613
12:03:45.400,535365092,98708602
12:03:45.500,535365095,98708592
12:03:45.600,535365099,98708581
12:03:45.700,535365103,98708570
12:03:45.800,535365106,98708561
12:03:45.900,535365110,98708550
12:03:46.000,535365114,98708541
12:03:46.100,535365118,98708532
12:03:46.200,535365122,98708523
12:03:46.300,535365125,98708513
12:03:46.400,535365129,98708504
12:03:46.500,535365133,98708495
12:03:46.600,535365136,98708487
12:03:46.700,535365140,98708478
12:03:46.800,535365144,98708468
12:03:46.900,535365147,98708459
12:03:47.000,535365152,98708451
12:03:47.100,535365156,98708441
12:03:47.200,535365160,98708432
12:03:47.300,535365164,98708423
12:03:47.400,535365168,98708413
12:03:47.500,535365173,98708405
12:03:47.600,535365177,98708396
12:03:47.700,535365182,98708386
12:03:47.800,535365187,98708377
12:03:47.900,535365191,98708368
12:03:48.000,535365196,98708359
12:03:48.100,535365200,98708349
12:03:48.200,535365204,98708340
12:03:48.300,535365207,98708331
12:03:48.400,535365212,98708322
12:03:48.500,535365215,98708313
12:03:48.600,535365219,98708303
12:03:48.700,535365223,98708295
12:03:48.800,535365227,98708286
12:03:48.900,535365231,98708278
12:03:49.000,535365235,98708271
12:03:49.100,535365239,98708265
12:03:49.200,535365243,98708256
12:03:49.300,535365248,98708249
12:03:49.400,535365252,98708241
12:03:49.500,535365257,98708234
12:03:49.600,535365262,98708225
12:03:49.700,535365267,98708217
12:03:49.800,535365272,98708209
12:03:49.900,535365277,98708200
12:03:50.000,535365282,98708192
12:03:50.100,535365287,98708183
12:03:50.200,535365292,98708175
12:03:50.300,535365297,98708167
12:03:50.400,535365301,98708167
12:03:50.600,535365310,98708151
12:03:50.700,535365314,98708143
12:03:50.800,535365319,98708135
12:03:50.900,535365323,98708128
12:03:51.000,535365328,98708119
12:03:51.100,535365332,98708112
12:03:51.200,535365337,98708104
12:03:51.300,535365342,98708096
12:03:51.400,535365347,98708087
12:03:51.500,535365352,98708079
12:03:51.600,535365357,98708070
12:03:51.700,535365363,98708063
12:03:51.800,535365368,98708056
12:03:51.900,535365373,98708049
12:03:52.000,535365379,98708042
12:03:52.100,535365384,98708036
12:03:52.200,535365390,98708028
12:03:52.300,535365396,98708021
12:03:52.400,535365401,98708016
12:03:52.500,535365407,98708010
12:03:52.600,535365412,98708004
12:03:52.700,535365417,98707996
12:03:52.800,535365422,98707989
12:03:52.900,535365427,98707981
12:03:53.000,535365432,98707975
12:03:53.100,535365437,98707967
12:03:53.200,535365443,98707958
12:03:53.300,535365448,98707951
12:03:53.400,535365454,98707944
12:03:53.500,535365459,98707938
12:03:53.600,535365465,98707931
12:03:53.700,535365471,98707923
12:03:53.800,535365477,98707917
12:03:53.900,535365483,98707911
12:03:54.000,535365489,98707904
12:03:54.100,535365495,98707896
12:03:54.200,535365502,98707891
12:03:54.300,535365507,98707883
12:03:54.400,535365512,98707877
12:03:54.500,535365517,98707872
12:03:54.600,535365522,98707865
12:03:54.700,535365528,98707858
12:03:54.800,535365532,98707852
12:03:54.900,535365538,98707846
12:03:55.000,535365542,98707839
12:03:55.100,535365547,98707831
12:03:55.200,535365551,98707823
12:03:55.300,535365556,98707814
12:03:55.400,535365561,98707805
12:03:55.500,535365565,98707796
12:03:55.600,535365571,98707787
12:03:55.700,535365575,98707779
12:03:55.800,535365580,98707770
12:03:55.900,535365586,98707761
12:03:56.000,535365591,98707753
12:03:56.100,535365596,98707746
12:03:56.200,535365601,98707738
12:03:56.300,535365606,98707731
12:03:56.400,535365610,98707724
12:03:56.500,535365615,98707716
12:03:56.600,535365619,98707708
12:03:56.700,535365624,98707701
12:03:56.800,535365629,98707693
12:03:57.000,535365638,98707677
12:03:57.100,535365642,98707669
12:03:57.200,535365647,98707661
12:03:57.300,535365653,98707652
12:03:57.400,535365658,98707644
12:03:57.500,535365664,98707635
12:03:57.600,535365668,98707627
12:03:57.700,535365673,98707618
12:03:57.800,535365679,98707609
12:03:57.900,535365684,98707601
12:03:58.000,535365689,98707593
12:03:58.100,535365694,98707584
12:03:58.200,535365698,98707575
12:03:58.300,535365703,98707567
12:03:58.400,535365707,98707559
12:03:58.500,535365712,98707551
12:03:58.600,535365716,98707544
12:03:58.700,535365721,98707535
12:03:58.800,535365725,98707528
12:03:58.900,535365730,98707520
12:03:59.000,535365734,98707513
12:03:59.100,535365739,98707505
12:03:59.200,535365742,98707500
12:03:59.300,535365744,98707496
12:03:59.400,535365747,98707492
12:03:59.500,535365749,98707489
12:03:59.600,535365750,98707486
12:03:59.700,535365752,98707482
12:03:59.800,535365753,98707479
12:03:59.900,535365754,98707476
12:04:00.000,535365756,98707474
12:04:00.100,535365757,98707471
12:04:00.200,535365757,98707468
12:04:00.300,535365758,98707466
12:04:00.400,535365759,98707463
12:04:00.500,535365760,98707461
12:04:00.600,535365760,98707460
12:04:00.700,535365761,98707458
12:04:00.800,535365762,98707456
12:04:00.900,535365763,98707455
12:04:01.000,535365764,98707453
12:04:01.100,535365765,98707451
12:04:01.200,535365766,98707450
12:04:01.300,535365768,98707447
12:04:01.400,535365769,98707445
12:04:01.500,535365771,98707442
12:04:01.600,535365773,98707439
12:04:01.700,535365775,98707437
12:04:01.800,535365776,98707435
12:04:01.900,535365778,98707432
12:04:02.000,535365779,98707430
12:04:02.100,535365781,98707429
12:04:02.200,535365782,98707426
12:04:02.300,535365783,98707423
12:04:02.400,535365784,98707422
12:04:02.500,535365784,98707420
12:04:02.600,535365784,98707418
12:04:02.700,535365784,98707417
12:04:02.800,535365784,98707416
12:04:02.900,535365784,98707415
12:04:03.000,535365784,98707416
12:04:03.100,535365784,98707415
12:04:03.200,535365784,98707415
12:04:03.300,535365783,98707414
12:04:03.400,535365784,98707414
12:04:03.500,535365785,98707413
12:04:03.600,535365785,98707411
12:04:03.700,535365786,98707410
12:04:03.800,535365786,98707409
12:04:03.900,535365787,98707408
12:04:04.000,535365787,98707408
12:04:04.100,535365787,98707408
12:04:04.200,535365786,98707407
12:04:04.300,535365787,98707407
12:04:04.400,535365787,98707407
12:04:04.500,535365787,98707406
12:04:04.600,535365787,98707405
12:04:04.700,535365787,98707405
12:04:04.800,535365787,98707404
12:04:04.900,535365787,98707403
12:04:05.000,535365788,98707402
12:04:05.100,535365788,98707401
12:04:05.200,535365788,98707401
12:04:05.300,535365788,98707400
12:04:05.500,535365789,98707399
12:04:05.600,535365789,98707398
12:04:05.700,535365789,98707397
12:04:05.800,535365790,98707397
12:04:05.900,535365791,98707396
12:04:06.000,535365792,98707394
12:04:06.100,535365793,98707393
12:04:06.200,535365794,98707392
12:04:06.300,535365794,98707391
12:04:06.400,535365795,98707390
12:04:06.500,535365795,98707389
12:04:06.600,535365796,98707387
12:04:06.700,535365796,98707384
12:04:06.800,535365796,98707383
12:04:06.900,535365796,98707383
12:04:07.000,535365796,98707382
12:04:07.100,535365795,98707382
12:04:07.200,535365795,98707383
12:04:07.300,535365795,98707383
12:04:07.400,535365794,98707383
12:04:07.500,535365795,98707382
12:04:07.600,535365795,98707381
12:04:07.700,535365795,98707381
12:04:07.800,535365796,98707379
12:04:07.900,535365796,98707378
12:04:08.000,535365796,98707377
12:04:08.100,535365797,98707376
12:04:08.200,535365797,98707376
12:04:08.300,535365797,98707376
12:04:08.400,535365797,98707376
12:04:08.500,535365797,98707376
12:04:08.600,535365797,98707376
12:04:08.700,535365797,98707376
12:04:08.800,535365797,98707376
12:04:08.900,535365797,98707377
12:04:09.000,535365798,98707377
12:04:09.100,535365798,98707377
12:04:09.200,535365798,98707377
12:04:09.300,535365797,98707377
12:04:09.400,535365798,98707376
12:04:09.500,535365798,98707374
12:04:09.600,535365799,98707370
12:04:09.700,535365798,98707363
12:04:09.800,535365798,98707355
12:04:09.900,535365798,98707346
12:04:10.000,535365797,98707336
12:04:10.100,535365797,98707326
12:04:10.200,535365798,98707320
12:04:10.300,535365799,98707315
12:04:10.400,535365801,98707310
12:04:10.500,535365801,98707302
12:04:10.600,535365800,98707297
12:04:10.700,535365800,98707295
12:04:10.800,535365800,98707290
12:04:10.900,535365800,98707288
12:04:11.000,535365799,98707286
12:04:11.100,535365799,98707283
12:04:11.200,535365798,98707279
12:04:11.300,535365798,98707277
12:04:11.400,535365797,98707276
12:04:11.500,535365797,98707274
12:04:11.600,535365796,98707272
12:04:11.700,535365796,98707270
12:04:11.800,535365796,98707269
12:04:11.900,535365796,98707267
12:04:12.000,535365795,98707265
12:04:12.100,535365794,98707263
12:04:12.200,535365793,98707258
12:04:12.300,535365793,98707250
12:04:12.500,535365796,98707240
12:04:12.600,535365797,98707237
12:04:12.700,535365798,98707234
12:04:12.800,535365799,98707232
12:04:12.900,535365801,98707231
12:04:13.000,535365802,98707229
12:04:13.100,535365802,98707228
12:04:13.200,535365803,98707226
12:04:13.300,535365803,98707224
12:04:13.400,535365805,98707221
12:04:13.500,535365807,98707218
12:04:13.600,535365809,98707212
12:04:13.700,535365809,98707210
12:04:13.800,535365810,98707207
12:04:13.900,535365811,98707203
12:04:14.000,535365811,98707201
12:04:14.100,535365813,98707199
12:04:14.200,535365814,98707196
12:04:14.300,535365818,98707193
12:04:14.400,535365822,98707191
12:04:14.500,535365827,98707188
12:04:14.600,535365830,98707188
12:04:14.700,535365832,98707188
12:04:14.800,535365834,98707188
12:04:14.900,535365837,98707192
12:04:15.000,535365838,98707194
12:04:15.100,535365840,98707194
12:04:15.200,535365840,98707195
12:04:15.300,535365841,98707196
12:04:15.400,535365841,98707196
12:04:15.500,535365842,98707196
12:04:15.600,535365843,98707196
12:04:15.700,535365843,98707195
12:04:15.800,535365844,98707195
12:04:15.900,535365844,98707194
12:04:16.000,535365844,98707192
12:04:16.100,535365844,98707190
12:04:16.200,535365844,98707188
12:04:16.300,535365844,98707186
12:04:16.400,535365845,98707184
12:04:16.500,535365845,98707183
12:04:16.600,535365845,98707181
12:04:16.700,535365845,98707180
12:04:16.800,535365845,98707179
12:04:16.900,535365845,98707179
12:04:17.000,535365845,98707178
12:04:17.100,535365845,98707178
12:04:17.200,535365845,98707178
12:04:17.300,535365845,98707178
12:04:17.400,535365845,98707179
12:04:17.500,535365846,98707181
12:04:17.600,535365847,98707181
12:04:17.700,535365847,98707183
12:04:17.800,535365848,98707184
12:04:17.900,535365849,98707185
12:04:18.000,535365849,98707186
12:04:18.100,535365849,98707186
12:04:18.200,535365849,98707186
12:04:18.300,535365849,98707186
12:04:18.400,535365848,98707186
12:04:18.500,535365848,98707186
12:04:18.600,535365848,98707186
12:04:18.700,535365847,98707186
12:04:18.800,535365847,98707187
12:04:18.900,535365846,98707187
12:04:19.000,535365846,98707187
12:04:19.100,535365846,98707186
12:04:19.200,535365845,98707187
12:04:19.300,535365845,98707187
12:04:19.400,535365844,98707187
12:04:19.500,535365844,98707187
12:04:19.600,535365843,98707187
12:04:19.700,535365843,98707187
12:04:19.800,535365843,98707188
12:04:19.900,535365843,98707188
12:04:20.000,535365843,98707189
12:04:20.100,535365843,98707190
12:04:20.200,535365843,98707190
12:04:20.300,535365843,98707190
12:04:20.400,535365843,98707191
12:04:20.500,535365843,98707191
12:04:20.600,535365844,98707192
12:04:20.700,535365844,98707192
12:04:20.800,535365845,98707193
12:04:20.900,535365845,98707193
12:04:21.000,535365846,98707193
12:04:21.100,535365846,98707193
12:04:21.200,535365846,98707193
12:04:21.300,535365846,98707193
12:04:21.400,535365845,98707193
12:04:21.500,535365845,98707193
12:04:21.600,535365844,98707192
12:04:21.700,535365844,98707192
12:04:21.800,535365843,98707193
12:04:21.900,535365843,98707192
12:04:22.000,535365842,98707193
12:04:22.100,535365842,98707194
12:04:22.200,535365842,98707195
12:04:22.300,535365841,98707195
12:04:22.400,535365841,98707196
12:04:22.500,535365840,98707197
12:04:22.600,535365840,98707197
12:04:22.700,535365840,98707197
12:04:22.800,535365839,98707198
12:04:22.900,535365838,98707198
12:04:23.000,535365838,98707199
12:04:23.100,535365838,98707199
12:04:23.200,535365837,98707199
12:04:23.300,535365837,98707199
12:04:23.400,535365837,98707200
12:04:23.500,535365837,98707200
12:04:23.600,535365837,98707200
12:04:23.700,535365836,98707200
12:04:23.800,535365836,98707201
12:04:23.900,535365836,98707201
12:04:24.000,535365836,98707201
12:04:24.100,535365835,98707201
12:04:24.200,535365835,98707202
12:04:24.300,535365835,98707202
12:04:24.400,535365834,98707202
12:04:24.500,535365834,98707202
12:04:24.600,535365834,98707203
12:04:24.700,535365833,98707203
12:04:24.800,535365833,98707203
12:04:24.900,535365833,98707204
12:04:25.000,535365832,98707204
12:04:25.100,535365831,98707205
12:04:25.200,535365831,98707205
12:04:25.300,535365830,98707205
12:04:25.400,535365830,98707205
12:04:25.500,535365829,98707206
12:04:25.600,535365828,98707207
12:04:25.700,535365828,98707207
12:04:25.800,535365828,98707207
12:04:25.900,535365827,98707207
12:04:26.000,535365827,98707208
12:04:26.100,535365826,98707209
12:04:26.200,535365826,98707209
12:04:26.300,535365826,98707210
12:04:26.400,535365826,98707210
12:04:26.500,535365825,98707211
12:04:26.600,535365825,98707212
12:04:26.700,535365825,98707212
12:04:26.800,535365825,98707213
12:04:26.900,535365824,98707213
12:04:27.000,535365824,98707214
12:04:27.100,535365824,98707214
12:04:27.200,535365824,98707214
12:04:27.300,535365823,98707215
12:04:27.400,535365823,98707215
12:04:27.500,535365822,98707215
12:04:27.600,535365822,98707215
12:04:27.700,535365822,98707215
12:04:27.800,535365822,98707214
12:04:27.900,535365823,98707214
12:04:28.000,535365824,98707214
12:04:28.100,535365824,98707214
12:04:28.200,535365824,98707214
12:04:28.300,535365824,98707214
12:04:28.400,535365824,98707214
12:04:28.500,535365824,98707215
12:04:28.600,535365824,98707215
12:04:28.700,535365823,98707215
12:04:28.800,535365823,98707216
12:04:28.900,535365822,98707217
12:04:29.000,535365821,98707218
12:04:29.100,535365820,98707220
12:04:29.200,535365819,98707221
12:04:29.300,535365818,98707222
12:04:29.400,535365817,98707223
12:04:29.500,535365817,98707223
12:04:29.600,535365816,98707224
12:04:29.700,535365815,98707225
12:04:29.800,535365814,98707226
12:04:29.900,535365813,98707226
12:04:30.000,535365813,98707227
12:04:30.200,535365812,98707227
12:04:30.300,535365812,98707228
12:04:30.400,535365812,98707228
12:04:30.500,535365812,98707229
12:04:30.600,535365811,98707230
12:04:30.700,535365811,98707230
12:04:30.800,535365811,98707230
12:04:30.900,535365811,98707230
12:04:31.000,535365811,98707230
12:04:31.100,535365810,98707231
12:04:31.200,535365810,98707231
12:04:31.300,535365810,98707232
12:04:31.400,535365809,98707232
12:04:31.500,535365809,98707233
12:04:31.600,535365808,98707233
12:04:31.700,535365808,98707234
12:04:31.800,535365807,98707234
12:04:31.900,535365806,98707235
12:04:32.000,535365806,98707235
12:04:32.100,535365805,98707236
12:04:32.200,535365804,98707237
12:04:32.300,535365804,98707238
12:04:32.400,535365803,98707238
12:04:32.500,535365803,98707239
12:04:32.600,535365803,98707240
12:04:32.700,535365803,98707241
12:04:32.800,535365803,98707241
12:04:32.900,535365804,98707242
12:04:33.000,535365804,98707242
12:04:33.100,535365803,98707243
12:04:33.200,535365804,98707243
12:04:33.300,535365803,98707244
12:04:33.400,535365803,98707244
12:04:33.500,535365802,98707244
12:04:33.600,535365802,98707245
12:04:33.700,535365801,98707245
12:04:33.800,535365800,98707245
12:04:33.900,535365800,98707245
12:04:34.000,535365799,98707246
12:04:34.100,535365799,98707246
12:04:34.200,535365798,98707246
12:04:34.300,535365798,98707246
12:04:34.400,535365797,98707246
12:04:34.500,535365797,98707247
12:04:34.600,535365796,98707247
12:04:34.700,535365796,98707248
12:04:34.800,535365795,98707248
12:04:34.900,535365795,98707249
12:04:35.000,535365795,98707249
12:04:35.100,535365794,98707250
12:04:35.200,535365794,98707250
12:04:35.300,535365793,98707251
12:04:35.400,535365793,98707252
12:04:35.500,535365792,98707252
12:04:35.600,535365792,98707252
12:04:35.700,535365792,98707253
12:04:35.800,535365791,98707253
12:04:35.900,535365790,98707253
12:04:36.000,535365790,98707254
12:04:36.100,535365790,98707254
12:04:36.200,535365790,98707254
12:04:36.300,535365790,98707255
12:04:36.400,535365790,98707255
12:04:36.500,535365790,98707255
12:04:36.600,535365790,98707255
12:04:36.700,535365790,98707256
12:04:36.800,535365790,98707256
12:04:36.900,535365790,98707256
12:04:37.000,535365790,98707256
12:04:37.100,535365790,98707256
12:04:37.200,535365790,98707258
12:04:37.300,535365790,98707258
12:04:37.400,535365789,98707258
12:04:37.500,535365789,98707259
12:04:37.600,535365788,98707259
12:04:37.700,535365788,98707259
12:04:37.800,535365788,98707260
12:04:37.900,535365788,98707260
12:04:38.000,535365787,98707261
12:04:38.100,535365787,98707262
12:04:38.200,535365787,98707262
12:04:38.300,535365786,98707263
12:04:38.400,535365786,98707263
12:04:38.500,535365786,98707263
12:04:38.600,535365785,98707264
12:04:38.700,535365785,98707264
12:04:38.800,535365784,98707265
12:04:38.900,535365784,98707265
12:04:39.000,535365783,98707265
12:04:39.100,535365783,98707265
12:04:39.200,535365782,98707266
12:04:39.300,535365782,98707266
12:04:39.400,535365782,98707266
12:04:39.500,535365782,98707266
12:04:39.600,535365782,98707267
12:04:39.700,535365781,98707267
12:04:39.800,535365781,98707267
12:04:39.900,535365781,98707267
12:04:40.000,535365781,98707267
12:04:40.100,535365781,98707267
12:04:40.200,535365780,98707268
12:04:40.300,535365780,98707268
12:04:40.400,535365780,98707268
12:04:40.500,535365779,98707268
12:04:40.600,535365779,98707268
12:04:40.700,535365778,98707268
12:04:40.900,535365777,98707268
12:04:41.000,535365777,98707268
12:04:41.100,535365776,98707269
12:04:41.200,535365776,98707269
12:04:41.300,535365776,98707270
12:04:41.400,535365775,98707270
12:04:41.500,535365775,98707271
12:04:41.600,535365775,98707271
12:04:41.700,535365774,98707272
12:04:41.800,535365774,98707272
12:04:41.900,535365774,98707273
12:04:42.000,535365774,98707273
12:04:42.100,535365774,98707274
12:04:42.200,535365773,98707274
12:04:42.300,535365773,98707275
12:04:42.400,535365773,98707275
12:04:42.500,535365773,98707276
12:04:42.600,535365773,98707276
12:04:42.700,535365772,98707277
12:04:42.800,535365772,98707277
12:04:42.900,535365772,98707277
12:04:43.000,535365772,98707275
12:04:43.100,535365771,98707274
12:04:43.200,535365771,98707273
12:04:43.400,535365771,98707273
12:04:43.500,535365773,98707270
12:04:43.600,535365777,98707268
12:04:43.700,535365781,98707266
12:04:43.800,535365785,98707265
12:04:43.900,535365790,98707266
12:04:44.000,535365795,98707267
12:04:44.100,535365798,98707270
12:04:44.200,535365801,98707271
12:04:44.300,535365804,98707273
12:04:44.400,535365806,98707274
12:04:44.500,535365811,98707274
12:04:44.600,535365815,98707275
12:04:44.700,535365820,98707275
12:04:44.800,535365824,98707275
12:04:44.900,535365827,98707277
12:04:45.000,535365830,98707280
12:04:45.100,535365834,98707283
12:04:45.200,535365835,98707287
12:04:45.300,535365836,98707291
12:04:45.400,535365836,98707294
12:04:45.500,535365836,98707295
12:04:45.600,535365835,98707298
12:04:45.700,535365834,98707300
12:04:45.800,535365833,98707301
12:04:45.900,535365832,98707303
12:04:46.000,535365831,98707306
12:04:46.100,535365831,98707311
12:04:46.200,535365833,98707316
12:04:46.300,535365835,98707322
12:04:46.400,535365837,98707332
12:04:46.500,535365839,98707339
12:04:46.600,535365842,98707347
12:04:46.700,535365845,98707355
12:04:46.800,535365848,98707363
12:04:46.900,535365851,98707369
12:04:47.000,535365852,98707372
12:04:47.100,535365853,98707378
12:04:47.200,535365854,98707382
12:04:47.300,535365855,98707385
12:04:47.400,535365855,98707387
12:04:47.500,535365856,98707390
12:04:47.600,535365857,98707393
12:04:47.700,535365858,98707395
12:04:47.800,535365858,98707398
12:04:47.900,535365859,98707399
12:04:48.000,535365859,98707401
12:04:48.100,535365860,98707403
12:04:48.200,535365860,98707403
12:04:48.300,535365860,98707405
12:04:48.400,535365860,98707406
12:04:48.500,535365860,98707408
12:04:48.600,535365861,98707410
12:04:48.700,535365861,98707412
12:04:48.800,535365861,98707413
12:04:48.900,535365861,98707414
12:04:49.000,535365861,98707416
12:04:49.100,535365860,98707417
12:04:49.200,535365860,98707419
12:04:49.300,535365861,98707420
12:04:49.400,535365861,98707422
12:04:49.500,535365861,98707423
12:04:49.600,535365861,98707424
12:04:49.700,535365861,98707426
12:04:49.800,535365861,98707426
12:04:49.900,535365862,98707429
12:04:50.000,535365861,98707430
12:04:50.100,535365862,98707432
12:04:50.200,535365861,98707433
12:04:50.300,535365861,98707434
12:04:50.400,535365861,98707435
12:04:50.500,535365861,98707436
12:04:50.600,535365861,98707437
12:04:50.700,535365861,98707437
12:04:50.800,535365861,98707438
12:04:50.900,535365861,98707438
12:04:51.000,535365861,98707438
12:04:51.100,535365861,98707438
12:04:51.200,535365861,98707438
12:04:51.300,535365861,98707439
12:04:51.400,535365861,98707439
12:04:51.500,535365860,98707439
12:04:51.600,535365861,98707440
12:04:51.700,535365861,98707439
12:04:51.800,535365861,98707439
12:04:51.900,535365860,98707440
12:04:52.000,535365861,98707440