timestamp, measured distance, true distance, distance error
0.8249342013263252,51.539144739526435,51.61637375076646,1,0.07722901124002846
1.5248174474776857,51.451579353046675,51.32952351751249,2,-0.12205583553418364
2.187326901834002,25.36188822804586,25.039705557092848,3,-0.322182670953012
2.8880078431564358,25.872594219871537,26.283720966666845,4,0.4111267467953077
3.8451728471670674,51.89810737917722,51.97179133910114,1,0.07368395992391896
4.544562553323281,51.072126819436406,50.94466805517095,2,-0.12745876426545522
5.206837812054067,24.6259139570425,24.307246790164726,3,-0.3186671668777734
5.908507355530847,26.619706103552353,27.033539257759955,4,0.4138331542076017
6.865400292535537,52.240281191415995,52.310387468473145,1,0.07010627705714967
7.5642967529769125,50.67628031876259,50.54347733467406,2,-0.13280298408853497
8.226354998321984,23.898828271811556,23.584493186574978,3,-0.3143350852365785
8.929009464608765,27.371298002788702,27.78704122991664,4,0.4157432271279369
9.885616431105479,52.5655060810184,52.632003843898985,1,0.06649776288058717
10.574021107380561,50.26492947846695,50.12755218477989,2,-0.13737729368705942
11.245879781425328,23.18256321388512,22.873454194752114,3,-0.3091090191330075
11.94951326957544,28.125971497042546,28.542893372673806,4,0.41692187563126026
12.90582116243314,52.873630777738434,52.936490970983826,1,0.06286019324539183
13.59373391833778,49.83689922957435,49.694330315738746,2,-0.14256891383560344
14.265413606924355,22.479233226052386,22.176329049968633,3,-0.30290417608375364
14.970017941222478,28.882440502823847,29.30237486345745,4,0.41993436063360434
15.926014391897526,53.164512746295856,53.223708068366925,1,0.059195322071069256
16.61343622388528,49.39307141624782,49.245378358595374,2,-0.14769305765244667
17.284958056269765,21.791151897393668,21.49552336338986,3,-0.2956285340038072
17.99052271444033,29.63951952465349,30.059336188792418,4,0.4198166641389278
18.94619603064733,53.43801810642379,53.493522990006575,1,0.055504883582784714
19.633128170543696,48.93366407455524,48.78091750830713,2,-0.152746566248112
20.30451485724283,21.12084797964897,20.833664513958364,3,-0.2871834656906067
21.011026881492135,30.396113100740862,30.81523408056475,4,0.4191209798238873
21.966365995553826,53.69402156195946,53.74581215629564,1,0.051790594336182494
22.65280991145044,48.458905133824004,48.30117893192109,2,-0.15772620190291065
23.32408589281716,20.471079446779505,20.193614419040752,3,-0.2774650277387529
24.03152978602008,31.151206377555418,31.569095657596396,4,0.4178892800409777
24.986524209169175,53.93240633804641,53.98046049310869,1,0.04805415506227462
25.672481606517586,47.969032649049836,47.806404010017964,2,-0.16262863903187252
26.33367454446842,19.845846837176495,19.58046989009638,3,-0.2653769470801137
27.05203081772116,31.90385672573459,32.32001592728458,4,0.41615920154998776
28.006670599689528,54.15306412562426,54.19736137798112,1,0.044297252356855665
28.69214342260881,47.46429506143102,47.29684460738191,2,-0.16745045404910996
29.353280279667093,19.246337125284008,18.993495727488895,3,-0.2528413977951125
30.072529407631848,32.653186306607296,33.067150849217654,4,0.4139645426103584
31.026805100922488,54.355895032489165,54.396416592709116,1,0.04052156021995046
31.711795533737845,46.94495149050937,46.772763376449674,2,-0.17218811405969348
32.37290685757144,18.67707727351231,18.43835431690599,3,-0.23872295660632048
33.093025023960074,33.398375496268784,33.80971120504331,4,0.41133570877452286
34.046927652258496,54.54080754027757,54.577536281740244,1,0.036728741462674463
34.73143812129099,46.41127206170026,46.23443409755176,2,-0.17683796414849695
35.39255678673499,18.141771155407937,17.918839497943903,3,-0.22293165746403432
36.11351716840552,34.13865707708297,34.546957187374055,4,0.40830011029108704
37.07703854469536,54.708241163957894,54.741148978886955,1,0.03290781492906092
37.76107014459301,45.86170156170688,45.68029041152787,2,-0.18141115017900944
38.42223166740851,17.64273272607042,17.43739653633808,3,-0.20533618973233914
39.144006982444125,34.875733631114514,35.28060422025681,4,0.40487058914229834
40.09713699662634,54.85701565919321,54.88610130923753,1,0.02908565004432262
40.78069423000072,45.30016163235118,45.114288100841264,2,-0.18587353150991248
41.44193635951405,17.1872979008576,17.001286052685607,3,-0.18601184817199368
42.164490791134305,35.60406098647917,36.00515326396928,4,0.40109227749010756
43.11722334995711,54.98764688334035,55.012898181239464,1,0.02525129789911773
43.80030938356914,44.72516718980124,44.53493095091919,2,-0.19023623888205066
44.46167247518148,16.777845582939932,16.61294228099465,3,-0.1649033019452837
45.194971379783475,36.32662645231299,36.72478030653953,4,0.3981538542265355
46.14729779175752,55.10041850087255,55.12181214235814,1,0.021393641485587978
46.829914501593095,44.13506766722186,43.942541607781635,2,-0.19252605944022605
47.491441992836684,16.417321443986665,16.275337860404527,3,-0.1419835835821388
48.22544674187183,37.04279752205153,37.43648451158007,4,0.39368698952853975
49.167359797587096,55.19453592325618,55.212075696325456,1,0.01753977306927368
49.8495124138771,43.534090743268195,43.337456282202915,2,-0.1966344610652797
50.511248981590235,16.11199461483359,15.994477387403615,3,-0.1175172274299765
51.24591496059354,37.74847033971973,38.137400259292725,4,0.3889299195729947
52.18740960574254,55.270359641967914,55.28403823973379,1,0.013678597765874656
52.869102063628,42.92065620934693,42.72002543048742,2,-0.2006307788595123
53.53109492354166,15.864152296224177,15.772539893529695,3,-0.09161240269448179
54.266377260221844,38.44548000721204,38.829364018965286,4,0.3838840117532456
55.21744729833609,55.328015908678196,55.33781482883087,1,0.009798920152675805
55.89868229451541,42.293033578397754,42.08851089605491,2,-0.20452268234284077
56.56098146886117,15.676366363644334,15.611938379888931,3,-0.0644279837554027
57.29683480409601,39.135573989725,39.514119532870815,4,0.3785455431458118
58.237472609958516,55.36709862473366,55.37302659139008,1,0.005927966656422257
58.918256130534374,41.65574270508188,41.447463511445264,2,-0.2082791936366135
59.580910878027886,15.552341959276461,15.515883655319794,3,-0.03645830395666749
60.317284251318206,39.81370643047022,40.1866694447989,4,0.3729630143286826
61.267485697050475,55.38784922479856,55.38989094975909,1,0.0020417249605344523
61.94782101497926,41.00495857246145,40.79303903240888,2,-0.21191954005256974
62.61088366484731,15.492963092588852,15.48507753247056,3,-0.007885560118291224
63.34772827111596,40.483898501168625,40.851010289686904,4,0.3671117885182795
64.29748644976017,55.39009862639155,55.38825325968881,1,-0.0018453667027387155
64.97737862450093,40.34318646819379,40.12776143875473,2,-0.21542502943906072
65.64090052044386,15.499581780527905,15.520380870421207,3,0.020799089893301925
66.37816507001686,41.14343889312799,41.504460307162944,4,0.36102141403495125
67.31747492640804,55.37393000039614,55.36821114104613,1,-0.005718859350011485
67.99693074441659,39.673095469105135,39.45431714739027,2,-0.2187783217148649
68.66096093659378,15.571758989143092,15.620855027057019,3,0.04909603791392669
69.39859296271901,41.78977673543116,42.144500556011046,4,0.35472382057988483
70.33745115503712,55.33938850048514,55.329798529613775,1,-0.00958997087136737
71.01647622827522,38.99296850160283,38.7709841824912,2,-0.22198431911163397
71.68106406102979,15.708405224739153,15.785120561964604,3,0.07671533722545121
72.41901313653746,42.424699856891124,42.77290907408695,4,0.3482092171958229
73.35741514636517,55.28648959545279,55.27303250558785,1,-0.013457089864942873
74.03601539242811,38.30327631938957,38.078240729520296,2,-0.22503558986927175
74.70120850899814,15.907669342713149,16.010982260706406,3,0.10331291799325726
75.43942533645915,43.047818985133546,43.389305905433346,4,0.34148692029980054
76.37736691656013,55.21525692952167,55.19793832659727,1,-0.017318602924405013
77.05554856896342,37.60451298164824,37.37658888819184,2,-0.22792409345640152
77.72139242604192,16.166959749980947,16.295561898223696,3,0.12860214824274863
78.45982931810583,43.65876118108147,43.993326889075114,4,0.33456570799364016
79.39730648724492,55.12572232970214,55.10454943578208,1,-0.02117289392005972
80.07507610701809,36.89719778083855,36.66655667934177,2,-0.2306411014967864
80.74161358632678,16.483085056808733,16.635448544987014,3,0.15236348817828116
81.48022484715486,44.257168926943535,44.58655922677905,4,0.3293902998355165
82.41723388550396,55.01792581569376,54.992907472666886,1,-0.025018343026872003
83.09459837426239,36.18187742390688,35.948700315983814,2,-0.23317710792306912
83.76186949830435,16.852410499506476,17.026857321826387,3,0.17444682231991138
84.50061169882392,44.84269931544915,45.164751257240304,4,0.3220519417911518
85.43714914389186,54.89191561293083,54.863062286983066,1,-0.028853325947764574
86.10411736425978,35.460332760944624,35.226019017582026,2,-0.23431374336259836
86.78215750751984,17.271014203430468,17.465781795907652,3,0.19476759247718434
87.5209896574114,45.41502332800462,45.72956062120922,4,0.31453729320459445
88.45705230044406,54.74774816856964,54.71507195563446,1,-0.0326762129351863
89.12363028976425,34.73077512738598,34.49432979899557,2,-0.23644532839040977
89.80247488888561,17.734830616472408,17.948129190313352,3,0.21329857384094453
90.54135851589714,45.973825199787655,46.28067874777388,4,0.306853547986222
91.4769433986897,54.58548817086495,54.549002803043585,1,-0.03648536782136347
92.14313917514627,33.995042215330784,33.75667945075042,2,-0.23836276458036565
92.82281892378283,18.239772860926706,18.46983215445052,3,0.23005929352381216
93.5617180755705,46.51880184222534,46.817809440881334,4,0.29900759865599014
94.4968224876669,54.405208572138264,54.36492942516152,1,-0.04027914697674362
95.162644481319,33.25381852756948,33.01376619397825,2,-0.24005233359122968
95.84318696018805,18.781830145893963,19.026934975999474,3,0.24510483010551098
96.58206814571035,47.04966233715879,47.3406684036993,4,0.2910060665405041
97.51668962194071,54.2069906156577,54.16293471747232,1,-0.044055898185384024
98.1821466986874,32.507832084956334,32.266333210196166,2,-0.2414988747601683
98.86357645621537,19.357139970079373,19.615655227916026,3,0.2585152578366525
99.60240854329703,47.56612748400002,47.84898281474044,4,0.2828553307404178
100.53654486162395,53.99092386684501,53.943109907375835,1,-0.047813959469173994
101.20164635029553,31.757859050006942,31.515173457414704,2,-0.2426855925922382
101.88398500887996,19.962037297496238,20.23242378737186,3,0.27038648987562297
102.62273909275564,48.067929396108156,48.34249094999068,4,0.2745615538825277
103.55638827240114,53.757106249150866,53.70555459138884,1,-0.05155165776202608
104.22114399539494,31.004728969424633,30.761135129976257,2,-0.24359383944837631
104.90441037059314,20.59308423258699,20.873907077618878,3,0.2808228450318886
105.64305962572695,48.55481114086402,48.8209418459597,4,0.2661307050956836
106.57621992555593,53.50564408516334,53.45037677766596,1,-0.05526730749738107
107.24064023348737,30.24933071445801,30.00512784348175,2,-0.24420287097626314
107.93485193558679,21.2481938227036,21.539243961057775,3,0.29105013835417637
108.66336998086332,49.02652641881744,49.28409499916339,4,0.25756858034595354
109.59603989800254,53.23665214352502,53.17769293440976,1,-0.058959209115258204
110.26013570889987,29.492619204866344,29.248129632425268,2,-0.2444895724410756
110.95530486103945,21.922223544116548,22.22118815912909,3,0.29896461501254024
111.68367000364631,49.4828392772817,49.731720098066944,4,0.24888082078524576
112.61584827232132,52.95025369214912,52.88762804481273,1,-0.06262564733638953
113.27963111595399,28.73562300809951,28.493699928081107,2,-0.24192308001840246
113.97576881537924,22.61353460318105,22.919288814049754,3,0.30575421086870236
114.7039595462243,49.92352385504972,50.163596783971634,4,0.24007292892191145
115.63564513679911,52.64658055861915,52.58031566925634,1,-0.06626488936280595
116.29912720478872,27.97945290477699,27.73796219244919,2,-0.24149071232780273
116.99624218169839,23.319639484657984,23.631154220702893,3,0.3115147360449093
117.72423846726734,50.34836415445909,50.57951443772789,4,0.23115028326879639
118.65543058547499,52.32577319844367,52.25589801558238,1,-0.06987518286128847
119.31862478790171,27.2253115154939,26.9846579990551,2,-0.24065351643880106
120.01672348165258,24.038262945566657,24.354597994840553,3,0.31633504927389566
120.7445066318378,50.75715383825852,50.979271989508234,4,0.2221181512497168
121.67520471819178,51.98798077209332,51.91452601835283,1,-0.07345475374049215
122.33812474746068,26.474504070542082,26.235128134845382,2,-0.23937593569669957
123.03721136444294,24.76732578188745,25.08762244475189,3,0.3202966628644397
123.7747647449747,51.1503213230462,51.36391993760962,4,0.21359861456342344
124.69496764065423,51.63336123177942,51.556359428126505,1,-0.07700180365291232
125.35762804342508,25.728450386473867,25.490832090982565,2,-0.23761829549130198
126.05770459561383,25.504928051070408,25.828401793951898,3,0.32347374288148956
126.79501098014626,51.526401034259095,51.7307364013887,4,0.20433536712960176
127.71471946449446,51.26208141930633,51.1815669119061,1,-0.08051450740022403
128.37713572249285,24.988698079585703,24.75336167375247,2,-0.2353364058332339
129.07820204612594,26.249332530706937,26.575265898996463,3,0.325933368289526
129.81524609091812,51.88586708204568,52.08084468444859,4,0.19497760240291484
130.73446030734564,50.87431717590363,50.79032616604987,1,-0.0839910098537544
131.39664892784634,24.256936988898303,24.024455800791905,2,-0.23248118810639795
132.09870268199293,26.998948913615095,27.326684862105704,3,0.3277359484906093
132.8354699669062,52.22855015887262,52.414080422212976,4,0.18553026334035394
133.75419029292473,50.46957262933205,50.3828240430996,1,-0.08674858623244575
134.42616733288443,23.532642758013367,23.30365703563769,2,-0.2289857223756755
135.12920722251678,27.75481835747229,28.083757110635148,3,0.32893875316285914
135.86568318847142,52.555340180774124,52.73130671146379,4,0.17596653068966361
136.77390955112534,50.04937715665392,49.95925669415424,1,-0.09012046249967653
137.44569548849134,22.822623787419616,22.597810562709398,2,-0.2248132247102177
138.14971146312885,28.510608497406054,28.840191081194902,3,0.32958258378884864
138.88588424935443,52.86392816572061,53.030282532429645,4,0.16635436670903658
139.79361821812225,49.613280430435225,49.51982972861832,1,-0.09345070181690573
140.46523329093745,22.12668555540631,21.906797443731413,2,-0.21988811167489786
141.17021626260367,29.26757543242786,29.599798143358317,3,0.33222271093045563
141.9060737793174,53.15527798602204,53.31194510246412,4,0.15666711644207965
142.82331542001856,49.15997391115923,49.06322579453275,1,-0.09674811662647897
143.49478090557213,21.44502928624803,21.230909651355955,2,-0.21411963489207508
144.20072254896587,30.02708662486242,30.3589660259886,3,0.3318794011261801
144.9362522610673,53.43013372971228,53.57701081359659,4,0.14687708388430565
145.85300225457627,48.69110060807458,48.591101065059874,1,-0.09999954301470382
146.524341685637,20.782654279777546,20.575206948710427,2,-0.20744733106711877
147.2312279575558,30.785573501731278,31.1166668434333,3,0.3310933417020223
147.96641896571018,53.687375177631225,53.82439613330908,4,0.13702095567785477
148.88267887916092,48.206895942186634,48.10369308411952,1,-0.10320285806711382
149.54391896959248,20.143498461138165,19.944722625481752,2,-0.19877583565641288
150.26173184458145,31.542049867823607,31.87194618230689,3,0.3298963144832818
150.99657381688252,53.9268841926841,54.053987619941154,4,0.1271034272570546
151.91234545807214,47.70760572687038,47.60124985096801,1,-0.1063558759023735
152.57351208253604,19.52861246540749,19.33850673820373,2,-0.19010572720376118
153.2922336109401,32.29559868218956,32.62391551087082,3,0.32831682868125966
154.02671674392863,54.148551217878094,54.26568037962956,4,0.11712916175146404
154.94200216273185,47.19348644890431,47.08403010829294,1,-0.10945634061136644
155.60312474431603,18.94246665371213,18.762165628235433,2,-0.18030102547669813
156.32273269765497,33.04536496670352,33.37174546671467,3,0.3263805000111546
157.05684768186893,54.35227522633568,54.459378020116894,4,0.10710279378121612
157.97164917189573,46.664805583546354,46.552303665333355,1,-0.11250191821299893
158.63275940455318,18.38869821366984,18.21940817696212,2,-0.16929003670772147
159.3532285818455,33.79054954112348,34.114659930322496,3,0.3241103891990136
160.08696657137224,54.537963677468326,54.63499261027135,4,0.0970289328030205
161.00128667189028,46.121841948192355,46.00635176034097,1,-0.11549018785138543
161.66241864992463,17.871155478133005,17.714142908625764,2,-0.1570125695072413
162.3837207731724,34.53040349477732,34.851930797755166,3,0.3215273029778487
163.11707335873126,54.705532478415364,54.7924446447703,4,0.08691216635493504
164.03091485687867,45.564886098965474,45.446467467265954,1,-0.1184186316995195
164.69210517270054,17.393854155528743,17.250427429225763,2,-0.14342672630298026
165.41420881070363,35.264223312125864,35.58287337259184,3,0.318650060465977
166.14716799584141,54.85490595079057,54.93166301346647,4,0.07675706267590243
167.0505352011059,44.99614626728743,44.87487099675359,1,-0.12127527053383602
167.7118226069143,16.962262350290302,16.833694211075958,2,-0.1285681392143445
168.4446922601523,35.99014919355881,36.306842304679485,3,0.3166931111206779
169.1672501881847,54.98561419612713,55.05221604691474,4,0.06660185078760605
170.07014670134276,44.414119452213185,44.29005230523002,1,-0.12406714698316534
170.73157259032956,16.57882191564397,16.466409245731082,2,-0.11241266991288867
171.46516914104618,36.707600167858345,37.020876813725735,3,0.3132766458673899
172.1873202315076,55.09812179708007,55.15453936590808,4,0.05641756882801019
173.09974824592803,43.81713969617351,43.692339604170606,1,-0.12480009200290709
173.76135710648458,16.24650577881681,16.15154456081007,2,-0.09496121800674118
174.49564222455774,37.419529293963194,37.729130168204854,3,0.30960087424166005
175.21737826603422,55.192660362259005,55.238835219958354,4,0.04617485769934859
176.12934133553495,43.207454796146294,43.08003374068126,1,-0.12742105546503524
176.7911795170037,15.970436820211376,15.894062017998218,2,-0.07637480221315762
177.52610955524239,38.12298824681193,38.4286779392695,3,0.3056896924575696
178.24742401374533,55.2687847603508,55.30469667054441,4,0.03591191019361162
179.1589262087296,42.585421783485344,42.45545284506914,1,-0.12996893841620505
179.82104201260034,15.753981399988959,15.697166593741873,2,-0.056814806247086125
180.5565707837041,38.817445225795666,39.11900026760344,3,0.3015550418077737
181.27745745428834,55.32646097240246,55.352094206594465,4,0.025633234192007137
182.18850311435546,41.95141306706773,41.81897266431281,1,-0.13244040275492353
182.85094638958063,15.599940371672005,15.563447609653396,2,-0.03649276201860907
183.58702557757897,39.50239458340121,39.79960250363258,3,0.2972079202313651
184.30747857283907,55.36566327526771,55.38100660692674,4,0.015343331659032344
185.21807231213518,41.305817330687944,41.1709854298901,1,-0.1348319007978418
185.8808939523775,15.510399582680634,15.494736299094944,2,-0.015663283585690024
186.61747362023183,40.177354799077136,40.47001329037976,3,0.29265849130262467
187.33748736009682,55.386374233272306,55.391420933463046,4,0.005046700190739273
188.24763407334893,40.649040543790704,40.51190089446196,1,-0.1371396493287449
188.910885437105,15.486609072127067,15.49199749499012,2,0.005388422863052966
189.64791460960396,40.84186668828238,41.129782868172555,3,0.2879161798901748
190.36748381228085,55.388584692117604,55.38333252713071,4,-0.005252164986892183
191.2771886815988,39.981507101103375,39.84214750060505,1,-0.13935960049832374
191.94092096627406,15.528906729919356,15.555269998116566,2,0.026363268197210132
192.67834825719336,41.495491818047014,41.77848157438805,3,0.2829897563410384
193.39746793112894,55.37229377585362,55.356745006394284,4,-0.015548769459336143
194.3067364336711,39.303661107858545,39.16217369939608,1,-0.1414874084624671
194.97100004109345,15.636697142078049,15.683664141708926,2,0.04696699963087703
195.70877428715195,42.1378111042543,42.415698514774206,3,0.2778874105199094
196.42743972389746,55.33750888626088,55.31167026839552,4,-0.025838617865360902
197.32627916509114,38.618253113966716,38.474741260504025,1,-0.1435118534626909
197.9911211031921,15.807818775527949,15.87468243484481,2,0.06686365931686211
198.72919106870046,42.76636201876016,43.038996499228986,3,0.2726344804688239
199.44739935732787,55.284451858582884,55.2483685457491,4,-0.03608331283378163
200.34581571735697,37.923545926318525,37.77811082387972,1,-0.1454351024388032
201.0112827448792,16.040246214146237,16.126136669942092,2,0.0858904557958553
201.74959977018307,43.382903036402354,43.650124594479884,3,0.2672215580775301
202.4673467767059,55.21306201823961,55.16674964837064,4,-0.04631236986897136
203.37534486646223,37.21770359427978,37.070446038165905,1,-0.14725755611387825
204.0414836639516,16.332094191312763,16.436014385915517,2,0.10392019460275392
204.78000146329282,43.989049369976385,44.25264686521229,3,0.26359749523590636
205.49728177090722,55.12304391725564,55.06648882625574,4,-0.056555090999900415
206.40486849740932,36.50355058855581,36.354583880690875,1,-0.14896670786493615
207.07172101486884,16.67920145128221,16.799954646323034,2,0.12075319504082316
207.8103945487104,44.582386450159106,44.84020796149939,3,0.257821511340282
208.52720452309404,55.01464401361034,54.94787095348214,4,-0.06677306012819884
209.43438699017852,35.78165530851152,35.63109926367691,1,-0.15055604483460883
210.10199219761603,17.07771469548902,17.21401972211285,2,0.13630502662383037
210.84077880344825,45.16257577880367,45.414478545691594,3,0.25190276688792324
211.55711506814438,54.887911127750044,54.81094937724363,4,-0.0769617505064133
212.45390235814412,35.05382702540771,34.90302124964753,1,-0.15080577576018328
213.1322944895047,17.5235726045031,17.674109697596503,2,0.15053709309340135
213.87115401353935,45.72929256434577,45.97513970831921,3,0.24584714397344243
214.5870134464947,54.74290241190971,54.65578578849658,4,-0.08711662341313087
215.48341181523017,34.31829276293996,34.16616917331134,1,-0.15212358962862282
216.1626251326297,18.01264068103592,18.176090016174445,2,0.16344933513852666
216.9015199736422,46.28222510987712,46.521885375247244,3,0.23966026537012652
217.6168997041535,54.579683369595955,54.482450243968216,4,-0.09723312562773856
218.51291740877437,33.576923661748026,33.423624486144696,1,-0.15329917560332973
219.19298140472264,18.540821789784445,18.71589370839671,2,0.17507191861226445
219.9318764866875,46.82107426755522,47.054421791834706,3,0.23334752427948757
220.64677389271813,54.39832787926946,54.29102119201966,4,-0.10730668724979608
221.54241961724654,32.83043521599183,32.676112128157826,1,-0.15432308783400117
222.2233606726405,19.104140651400314,19.289597682124878,2,0.18545703072456377
222.96222336356752,47.345552955704306,47.57246706350522,3,0.2269141078009156
223.67663606939388,54.19891822165113,54.081585502722135,4,-0.11733271892899211
224.5619206068934,32.082073913827,31.92689160907304,1,-0.15518230475396422
225.24375907922413,19.696793436914106,19.891436390833025,2,0.19464295391891895
225.98255932679083,47.85372749179828,48.07411430971864,3,0.22038681792035675
226.69648681089413,53.982291953325046,53.855018170452446,4,-0.12727378287259938
227.58141927909125,31.330189857051494,31.174320881714454,1,-0.15586897533703947
228.26417550569352,20.31704462057604,20.51978520797793,2,0.2027405874018875
229.00288536483285,48.347091011777366,48.560840420480474,3,0.21374940870310866
229.71632574988604,53.747918796176464,53.610760338250316,4,-0.137158457926148
230.6109145427651,30.57314354899887,30.416771877462647,1,-0.156371671536224
231.3046106884842,20.964855203054356,21.175806903268818,2,0.21095170021446208
232.0332023417764,48.82695116603486,49.033935193850034,3,0.20698402781517444
232.7461523682368,53.49504168545849,53.34802713852611,4,-0.14701454693237537
233.64040867983,29.814354060114567,29.657680590844695,1,-0.15667346926987236
234.33505837767666,21.632976332014664,21.85013074209136,2,0.21715441007669511
235.06350900164307,49.29140680169297,49.49152383475704,3,0.20011703306406758
235.7759672595528,53.224523471079976,53.06771894599381,4,-0.15680452508616582
236.66990236344887,29.05482737470777,28.90057566051123,1,-0.1542517141965405
237.36551811125196,22.319620182059907,22.5421124206103,2,0.22249223855039446
238.09380519147334,49.74022549594537,49.93337836221218,3,0.19315286626681427
238.8057705094487,52.936488970978246,52.76996531301107,4,-0.1665236579671756
239.69939632006782,28.29564895763781,28.14154331517274,1,-0.15410564246506908
240.395988176364,23.0221794467127,23.249217930352795,2,0.22703848364009716
241.12409076499367,50.1731849148328,50.3592807782842,3,0.18609586345139917
241.83556220933886,52.631071679712704,52.45490450978755,4,-0.1761671699251508
242.72889133566488,27.537993072428435,27.384284170741964,1,-0.15370890168647122
243.42646700626602,23.738268479966962,23.969129983122787,2,0.23086150315582543
244.15436558247654,50.590072596413904,50.769022862385135,3,0.1789502659712312
244.86534245648605,52.3084138384462,52.122683599256824,4,-0.18573023918937537
245.75838826275805,26.78313323223591,26.630093708921297,1,-0.15303952331461446
246.45695316948076,24.465707315002305,24.699731569934944,2,0.23402425493263834
247.19463036349512,50.99132541705842,51.16367698621129,3,0.1723515691528732
247.89511135405638,51.96866651353815,51.77345852151102,4,-0.1952079920271359
248.78788802821936,26.032453858107374,25.880380882380383,1,-0.1520729757269912
249.48744535844068,25.202504699024075,25.43908888535103,2,0.23658418632695444
250.22488323873372,51.37544336046318,51.54045703967969,3,0.16501367921650711
250.92486901118124,51.6119896856253,51.40739418889962,4,-0.20459549672568045
251.8173916419271,25.287463192043447,25.136681288683917,1,-0.15078190335952968
252.5179423781851,25.946841086003758,26.185434443590044,2,0.23859335758628575
253.2551249764591,51.74290929183201,51.900508448661654,3,0.1575991568296473
253.95461554302713,51.23855234953112,51.02466459302743,4,-0.21388775650368785
254.83690181872151,24.552227983434705,24.403086056820076,1,-0.14914192661462877
255.53844147780336,26.69456830346917,26.934662829568197,2,0.24009452609902837
256.27535471997754,52.092419152415914,52.24255594637791,3,0.1501367939619982
256.97435196168004,50.84984689156613,50.62679735550651,4,-0.2230495360596194
257.85641810651157,23.8260608264369,23.678944886372886,1,-0.1471159400640154
258.55894329838424,27.44662183195601,27.687758808076747,2,0.24113697612073892
259.2955731779495,52.425049208821406,52.56765532611315,3,0.14260611729174144
259.9840785013092,50.4455485154125,50.21414477806914,4,-0.2314037373433564
260.87594181050724,23.110910641989335,22.96624351409943,1,-0.14466712788990677
261.5794469290916,28.201615919343226,28.44337409327385,2,0.2417581739306236
262.3157802487341,52.740644350393495,52.8756553021429,3,0.13501095174940758
263.00379347695775,50.02448896232181,49.784164387672256,4,-0.2403245746495557
263.89547435921384,22.4089104338816,22.267155249149134,1,-0.1417551847324674
264.5999515317438,28.95827583640198,29.200267513820908,2,0.2419916774189268
265.3359758365246,53.03905823970467,53.16641331883737,3,0.12735507913269828
266.02349791805005,49.587540442715294,49.33840990571339,4,-0.24913053700190346
266.9150173155875,21.722394037979598,21.584057637371775,1,-0.13833640060782315
267.6204563331997,29.715426252451493,29.95979951312407,2,0.24437326067257814
268.3561598512945,53.320153228568756,53.43979547102105,3,0.1196422424522936
269.04319196977207,49.134916755576796,48.87710051622002,4,-0.257816239356778
269.93457238760914,21.053912053972113,20.91954808181382,1,-0.13436397215829388
270.64096061853303,30.471980802701637,30.715894416384955,2,0.24391361368331843
271.3763322087488,53.58380028275178,53.695676433359814,3,0.11187615060803324
272.06287578389663,48.66684150137246,48.400465329265394,4,-0.26637617210706566
272.944142839162,20.407297000033964,20.27854784707014,1,-0.12874915296382383
273.661463724945,31.226932776533545,31.470076946816175,2,0.2431441702826298
274.39649283028194,53.82987891640312,53.93393939785506,3,0.10406048145194546
275.08254951893736,48.1835483031432,47.908743616838706,4,-0.27480468630449195
275.9637278330497,19.783425701987767,19.65986139934743,1,-0.12356430264033591
276.6819650363562,31.979346839364098,32.22143359593377,2,0.2420867565696696
277.41664164293906,54.058277132796206,54.15447601862565,3,0.09619888582944469
278.1022133403216,47.68528105505254,47.40218507726638,4,-0.2830959777861608
278.9833310057447,19.1866524553177,19.068971257721316,1,-0.11768119759638296
279.7024639786143,32.728351695240576,32.96911267190544,2,0.24076097666486618
280.4367785793833,54.26889137295632,54.357186363249205,3,0.08829499029288712
281.12186742058446,47.172294200095166,46.8810501316509,4,-0.2912440684442643
282.00295470147717,18.62048220083068,18.509429879324006,1,-0.11105232150667277
282.7229600152575,33.473133597993865,33.712318068463546,2,0.23918447046968083
283.4569035778662,54.461626469915814,54.54197887001679,3,0.08035240010097766
284.141511939586,46.64485304208199,46.345610256241116,4,-0.2992427858408746
285.0226014110169,18.088640965800096,17.985005205913787,1,-0.10363575988630913
285.74345264377405,34.21293062001496,34.45030376399035,2,0.23737314397538967
286.4770165822018,54.63639560889533,54.7087703105289,3,0.07237470163357074
287.16114708475493,46.103234095525636,45.79614835515849,4,-0.30708574036714253
288.0422737479426,17.595041195377803,17.499642081427858,1,-0.09539911394994505
288.76394139230194,34.947027596203384,35.182368969013154,2,0.23534137280977063
289.49711754174433,54.7931202922598,54.85748575712858,3,0.06436546486877859
290.1807730513622,45.54772547760422,45.232959178486304,4,-0.3147662991179132
291.06197441104706,17.143726474657228,17.05740230309653,1,-0.0863241715606975
291.7844258167186,35.674751664686255,35.907853847376565,2,0.2331021826903097
292.51720641136865,54.931730309334625,54.988058554729434,3,0.05632824539480907
293.2003900428265,44.978627347234124,44.65634979139445,4,-0.3222775558396762
294.08170613072735,16.738792359490162,16.66238027035079,1,-0.07641208913937092
294.8149070781004,36.39665335387576,36.62850153356401,2,0.23184817968824945
295.53728315145315,55.052163709973456,55.10043029665257,3,0.04826658667911232
296.21999827106083,44.396252401014635,44.0686140369613,4,-0.32763836405333535
297.1014715983322,16.384281665580147,16.31859305663315,1,-0.06568860894699569
297.83538160270933,37.10974980322135,37.338964902485245,2,0.2292150992638966
298.55734772786593,55.15436678260244,55.194550804139396,3,0.04018402153695888
299.2395979568613,43.80092642860234,43.46617909200386,4,-0.33474733659847544
300.12127337933794,16.08405535571933,16.02984675705161,1,-0.05420859866771721
300.85585061189016,37.814670624754854,38.04107680650428,2,0.22640618174942517
301.57740011195233,55.238294035120816,55.27037810925547,3,0.03208407413465153
302.25918933033677,43.192988932247545,42.85132344627565,4,-0.3416654859718946
303.1411138138452,15.841644048563808,15.799585037496007,1,-0.04205901106780097
303.8763137497366,38.51087727552738,38.73430778247904,2,0.2234305069516651
304.597440280525,55.30390817946795,55.32787844094648,3,0.023970261478524435
305.2787726313995,42.572793828441036,42.22440933118672,4,-0.3483844972543153
306.1609949109242,15.660089711218461,15.630730383409196,1,-0.029359327809265423
306.89677067793684,39.197857976247974,39.41815440242533,2,0.2202964261773559
307.6174682158563,55.35118011896145,55.36702621404995,3,0.015846095088498657
308.29834811031463,41.940710234953826,41.58581465996575,4,-0.35489557498807756
309.1809182461508,15.54179136563505,15.525532612781259,1,-0.016258752853790526
309.9172210744004,39.875125607068185,40.09213725341534,2,0.21701164634715298
310.6374839056719,55.38008893874746,55.38780402110746,3,0.007715082360000736
311.317916028319,41.29712335686975,40.93593397313652,4,-0.36118938373322607
312.20088487343384,15.488371382275545,15.485441485768588,1,-0.002929896506957519
312.9376646320439,40.54221584794959,40.75579915126048,2,0.21358330331089093
313.6574873431466,55.39062189889421,55.39020262686098,3,-0.0004192720332270028
314.33747665831726,40.642435484016914,40.2751795035151,4,-0.36725598050181674
315.22089526211914,15.500578920722319,15.511019553981736,1,0.010440633259417353
315.9581010577164,41.19868553257788,41.408703559743444,2,0.21001802716556028
316.67747852690195,55.38277443004347,55.37422096535498,3,-0.008553464688489498
317.3570302856676,39.97706711476212,39.60398237670649,4,-0.37308473805563125
318.24094926794754,15.578243642053735,15.601907262239186,1,0.02366362018545054
318.9785300712481,41.8441111916934,42.05043319068061,2,0.2063219989872067
319.6974574610052,55.35655013153473,55.33986613960294,3,-0.016683991931792264
320.37657720906697,39.30145822347697,38.922793965353485,4,-0.3786642581234858
321.2610461420319,15.720286316295073,15.756845323818675,1,0.03655900752360175
321.998951404607,42.47808776175077,42.68058876318189,2,0.20250100143111638
322.7174241549704,55.31196077259892,55.287153423813464,3,-0.024807348785458316
323.39611774155105,38.61606969068987,38.23208741799343,4,-0.3839822726964428
324.28118457655165,15.924784787486601,15.973751136317897,1,0.04896634883129636
325.01936480115154,43.10022744049036,43.2987879031761,2,0.1985604626857409
325.73737862376083,55.24902629542794,55.21610626820779,3,-0.032920027220150416
326.4156522116237,37.92138491830599,37.53235938635461,4,-0.3890255319513827
327.3013627807346,16.189085993431718,16.249838568222692,1,0.060752574790974734
328.0397700149666,43.71015867100425,43.90466416662993,2,0.19450549562567687
328.75732088779375,55.167774821526905,55.126756306497484,3,-0.04101851502942111
329.4351809645336,37.217911655005764,36.82413197831777,4,-0.3937796766879913
330.3215785771366,16.50994924978022,16.581765592870536,1,0.07181634309031537
331.0601668102742,44.30752523933279,44.49980898589812,2,0.1922837465653302
331.77725097294615,55.06824266015542,55.019143366128354,3,-0.04909929402706581
332.4547043637186,36.50618406076944,36.10795496762561,4,-0.3982290931438328
333.34182950690774,16.883703851746645,16.9657928040192,1,0.08208895227255297
334.08055496090975,44.89198547310025,45.079956014173014,2,0.18797054107276523
334.79716891056313,54.950474320264675,54.893315481435934,3,-0.057158838828740954
335.4742227924412,35.786765043908986,35.38440829578803,4,-0.40235674812095823
336.3621129335783,17.306405170046446,17.397937545344757,1,0.0915323752983106
337.10093424985223,45.46321152575672,45.64676715995756,2,0.1835556342008431
337.81707473746815,54.81452252486463,54.74932890989762,3,-0.06519361496700782
338.48373827243574,35.061461503332225,34.656533576858365,4,-0.4049279264738601
339.3824261372587,17.773976873726838,17.874112169344418,1,0.10013529561758006
340.121304468821,46.020888750646805,46.19993197569321,2,0.17904322504640646
340.8369684959753,54.660448229014946,54.58724815170938,3,-0.07320007730556455
341.5032480117927,34.32848666628274,33.92014173882299,4,-0.40834492745975126
342.4027663941648,18.282331417594833,18.390239502917566,1,0.10790808532273388
343.1416654178956,46.56471512811322,46.73915246391126,2,0.17443733579803933
343.85685023390397,54.48832064092812,54.407145972959285,3,-0.08117466796883832
344.52275406766574,33.58970873303235,33.17832900754646,4,-0.41137972548589374
345.4231310392782,18.82746530843349,18.942342843881274,1,0.11487753544778556
346.16201690519057,47.09440076550209,47.26414259339313,2,0.16974182789104475
346.87672000459634,54.29821724729322,54.20910343271827,3,-0.08911381457495082
347.5422569236866,32.84583576873956,32.43182823707788,4,-0.4140075316616816
348.4435175122561,19.40552917754701,19.526611095130512,1,0.12108191758350273
349.18235874656256,47.60966744883888,47.77462786800918,2,0.16496041917030624
349.89657786693766,54.090223842564455,53.99320991441974,3,-0.09701392814471888
350.56175709539616,32.09762185304044,31.68142094115071,4,-0.4162009118897281
351.46392338823534,20.012875035419597,20.139441755988162,1,0.12656672056856522
352.20269076534925,48.11024824361709,48.2703449423697,2,0.16009669875260357
352.9164238853789,53.86443456217194,53.75956316195506,3,-0.10487140021687935
353.58125513371533,31.34587203808792,30.927942604026196,4,-0.41792943406172256
354.48434639597485,20.646084339205117,20.777465541306672,1,0.13138120210155435
355.22301279213605,48.595887138517924,48.7510412791113,2,0.15515414059337473
355.9362581299642,53.62095192182892,53.5082693209727,3,-0.11268260085621762
356.6007516288785,30.59144796824853,30.172288697870748,4,-0.4191592703777829
357.51478589919816,21.303085775628006,21.43977577329626,1,0.13668999766825607
358.243324664549,49.06633872792554,49.216474843246054,2,0.15013611532051385
358.9560806763607,53.35988686135806,53.239442985934325,3,-0.12044387542373869
359.62024721488547,29.835274243950494,29.41542149301217,4,-0.4198527509383254
360.53523704484087,21.978767468709748,22.119110556807946,1,0.14034308809819862
361.2636262270689,49.52136792850581,49.66641382952921,2,0.1450459010234013
361.97589160589365,53.08135879533893,52.953207253554304,3,-0.12815154178462507
362.63974257453407,29.078345619595325,28.660883605576622,4,-0.4174620140187031
363.555699471256,22.671505088851518,22.814974440262592,1,0.1434693514110741
364.2839173308663,49.96074972652309,50.100636419265115,2,0.13988669274202437
364.9956910055851,52.78549566968138,52.64969378332832,3,-0.13580188635306456
365.6592384450935,28.321735125487635,27.904778186370706,4,-0.416956939116929
366.57617154011916,23.378830052422472,23.52494394864719,1,0.14611389622471904
367.30419783365386,50.38426895235659,50.51893056337782,2,0.13466161102122953
368.0154789681992,52.47243402685342,52.32904286594604,3,-0.14339116090737747
368.6787356246818,27.56660320957849,27.150824813524935,4,-0.41577839605355393
369.5966517532474,24.098484795004538,24.246803323710733,1,0.148318528706195
370.33446847483884,50.792376542275974,50.92239844325557,2,0.13002190097959243
371.0352555922914,52.1423190784418,51.99140350048064,3,-0.15091557796116462
371.6982349794028,26.814207984841687,26.400339758747084,4,-0.4138682260946034
372.6171387416604,24.82840641131645,24.978527991201595,1,0.15012157988514474
373.3547273380798,51.18353636488848,51.30818331757023,2,0.12464695268175063
374.055020982266,51.795304787646046,51.636933481357445,3,-0.15837130628860052
374.7177374512867,26.065916656932586,25.654755157070106,4,-0.4111614998624802
375.6376312543716,25.566709843360513,25.71826775807882,1,0.15155791471830682
376.3749752110572,51.55824496733885,51.67745979100422,2,0.11921482366536651
377.07477524843955,51.43155396196164,51.26579949622676,3,-0.16575446573487795
377.73724406705486,25.323218176851015,24.91563234623107,4,-0.4075858306199436
378.65812814739894,26.31167136631518,26.464330426717762,1,0.1526590604025806
379.3952119764914,51.916324766409616,52.030053186739075,2,0.1137284203294584
380.09451850711235,51.051238357331385,50.878177236002294,3,-0.17306112132909135
380.7567559476942,24.58773712031359,24.184676409846357,4,-0.40306071046723346
381.6786283733051,27.061712850553477,27.215166257326604,1,0.1534534067731279
382.4154375231144,52.25760721263839,52.36579781824953,2,0.10819060561114213
383.11425088064954,50.654538795598114,50.474251518480685,3,-0.1802872771174293
383.7762743187689,23.861248719867945,23.46375179932583,4,-0.39749692054211394
384.6991309714485,27.81538707907316,27.969353524343315,1,0.15396644527015368
385.43565174559615,52.581932677256304,52.68453688069483,2,0.10260420343852417
386.1239734369734,50.242349847536616,50.0556336337557,3,-0.18671621378091885
386.79580052131246,23.145694867196198,22.754898775273,4,-0.39079609192319964
387.71963505903244,28.571364258553444,28.725585282575132,1,0.15422102402168747
388.4558545444785,52.889150351617786,52.98612235432712,2,0.09697200270933592
389.14368446699973,49.813487981580806,49.619744995596804,3,-0.1937429859840023
389.81533602302306,22.443200744845626,22.06035021825189,4,-0.3828505265937352
390.7401398229806,29.328419768162917,29.485164370588926,1,0.1567446024260093
391.47604582611643,53.17911815767218,53.270414918671335,2,0.09129676099915685
392.16338501585835,49.36884005977049,49.168162867802906,3,-0.2006771919675856
392.8348824293175,21.756091523315035,21.382548096278878,4,-0.3735434270361573
393.7606445126218,30.08542312586826,30.241961970455254,1,0.15653884458699352
394.49622550262666,53.451702668624534,53.53728387636633,2,0.08558120774179656
395.18307523117517,48.90862463884105,48.70111011060134,3,-0.20751452823970595
395.85444149357676,21.08690825933479,20.724158527775224,4,-0.3627497315595676
396.7811484331454,30.841328114433963,30.997454640712718,1,0.15612652627875434
397.51639349184086,53.7067790382082,53.78660708567756,2,0.07982804746936267
398.2027552672181,48.433070181118865,48.218819595101714,3,-0.21425058601715108
398.8740151256302,20.438421741815205,20.088083934082327,4,-0.3503378077328776
399.8016509397758,31.595163988242803,31.750686571781678,1,0.15552258353887538
400.53654971726496,53.944230938526516,54.01827090080011,2,0.074039962273595
401.222425285058,47.942415288233065,47.72153444943544,3,-0.2208808387976262
401.88360672402234,19.814637678223335,19.479446465709692,4,-0.33519121251364226
402.8221514326003,32.34602766752914,32.50076808935739,1,0.15474042182825087
403.55669410804336,54.16395050484368,54.232170119167655,2,0.06821961432397217
404.2420854527494,47.4369089633484,47.209508334690526,3,-0.22740062865787536
404.9032158029061,19.216770318294607,18.897581290504608,4,-0.31918902778999936
405.84264935199144,33.09307682853557,33.24686892094964,1,0.153792092414065
406.5768265989267,54.365838286855706,54.428207935070674,2,0.062369648214968265
407.2617359455326,46.91681090541522,46.683005754268216,3,-0.23380515114700273
407.9228461378076,18.649351357026944,18.348174466846384,4,-0.30117689018056026
408.8631441745626,33.835523797122846,33.988212247107235,1,0.1526884499843888
409.59694713024385,54.54980320601521,54.60629589896635,2,0.05649269295113868
410.28137694606045,46.38239183846338,46.14230240075789,3,-0.2400894377054854
410.9425002594285,18.116094340626887,17.835051981993516,4,-0.28104235863337124
411.8836354095972,34.572630158479,34.724069451535,1,0.15143929305600068
412.61705564787775,54.7157625181427,54.76635388193427,2,0.05059136379157536
413.30100864465294,45.83393388143975,45.58768554496314,3,-0.24624833647660438
413.96218081156485,17.620899727845085,17.362201140065928,4,-0.25869858777915766
414.90412259590016,35.30370200329003,35.45375549090255,1,0.15005348761252435
415.63715210324375,54.8636417808126,54.90831004479726,2,0.044668263984661394
416.3206312395828,45.27173096298043,45.01945447232378,3,-0.2522764906566479
416.98189050889437,17.167800411144185,16.93370354538963,4,-0.23409686575455524
417.9346068894674,36.02927856984195,36.17900641038148,1,0.14972784053953347
418.65723645327114,54.993374825087926,55.03210081148674,2,0.0387259863988163
419.34024493739224,44.696089284357754,44.43792097267869,3,-0.2581683116790643
420.0016320782889,16.760883595424048,16.55364308367853,4,-0.2072405117455176
420.95508468239296,36.746344564903666,36.894423785458535,1,0.14807922055486955
421.67730866038744,55.10490373126231,55.13767084628702,2,0.0327671150247113
422.35984995326186,44.10732784816673,43.845399516869534,3,-0.2619283312971987
423.02140818310954,16.40418737257221,16.2259885110312,4,-0.17819886154100928
423.9755571927161,37.45552090819615,37.60183597526839,1,0.14631506707224418
424.6973686925049,55.19817880839639,55.22497303464363,2,0.02679422624724026
425.37944651140697,43.50577903953479,43.238290644363474,3,-0.26748839517131273
426.04122133207676,16.10157306021165,15.954453631877866,4,-0.14711942833378266
426.9960240527176,38.156254507939025,38.30069604400185,1,0.1444415360628284
427.71741652300886,55.273158577008985,55.29396846726841,2,0.020809890259421593
428.3990348455323,42.89178928594595,42.61889439369731,3,-0.2728948922486367
429.0610737770955,15.856578179125336,15.742342348729403,4,-0.11423583039593233
430.01648491322493,38.84802021249811,38.99048449114215,1,0.14246427864403444
430.73745213074926,55.32980975500834,55.344626427318566,2,0.014816672310224988
431.4186151993439,42.265719798706414,41.98757874152476,3,-0.2781410571816565
432.0809674074683,15.67225939838579,15.592390411600569,4,-0.07986898678522181
433.0369394421279,39.530318569362066,39.67070706860844,1,0.1403884992463773
433.75747550003297,55.36810724682084,55.37692438046898,2,0.008817133648136632
434.4381878271226,41.62794740628328,41.3447276859031,3,-0.2832197203801812
435.10090365051815,15.551038985563537,15.506619361261576,4,-0.04441962430196078
436.05738732306736,40.20267384490239,40.3408928513923,1,0.13821900648990493
436.77748662061845,55.388034134736586,55.39084796773703,2,0.0028138330004452428
437.457752994371,40.97886549268992,40.690742234610205,3,-0.2881232580797146
438.1208833899127,15.494571045607586,15.486219642155955,4,-0.008351403451630546
439.077828254275,40.86463227285719,41.00059253100743,1,0.13596025815023438
439.797485487712,55.389581673452426,55.38639100095801,2,-0.003190672494419289
440.4773109785416,40.318885053622466,40.02604151869541,3,-0.2928435349270586
441.1409069121953,15.503643913632459,15.53147814576125,4,0.027834232128791214
442.09826194754646,41.5157605041685,41.64937690488216,1,0.1336164007136631
442.81747210196636,55.37274928713032,55.363555460846484,2,-0.009193826283834028
443.4968620698582,39.64843588812528,39.3510640480548,3,-0.29737184007047546
444.1609738889567,15.578131818500651,15.641760343261144,4,0.06362852476049241
445.11868812733235,42.15564423425633,42.28683553817458,1,0.13119130391824996
445.8374464694801,55.337544568757835,55.32235149761611,2,-0.015193071141723635
446.5164065722423,38.96796794181512,38.666269128214076,3,-0.30169881360104256
447.1810833972204,15.717002662199775,15.815549591807006,4,0.09854692960723099
448.13910652993167,42.783886985773734,42.912575577427454,1,0.12868859165372015
448.8574086017992,55.283983282322424,55.262797434166586,2,-0.021185848155838016
449.535944804359,38.27795282353463,37.97213846023817,3,-0.30581436329646294
450.2012339751038,15.918380797529608,16.05053797019813,4,0.13215717266852067
451.1595169027768,43.400109029278156,43.526220698048796,1,0.1261116687706405
451.87735851592055,55.21208936758626,55.18491977188324,2,-0.0271695957030218
452.5554771007997,37.578885519138794,37.26917794881433,3,-0.3097075703244627
453.2214237050465,16.179656007338394,16.34375618672342,4,0.1641001793850272
454.1799190037987,44.00394642493666,44.12741016984746,1,0.1234637449108007
454.8972962342969,55.12189494733377,55.088753199132036,2,-0.033141748201735766
455.5750038134185,36.871286328633346,36.55791974711578,3,-0.31336658151756325
456.2416503139748,16.497624347891815,16.691726236997162,4,0.19410188910534742
457.20031260086296,44.595050170983086,44.7177246940986,1,0.12267452311551352
457.9172217848435,55.01344033743294,54.97434060257029,2,-0.039099734862652724
458.594525312845,36.155703058085464,35.83892457109553,3,-0.31677848698993216
459.2619112791366,16.868644195866977,17.09062006313168,4,0.2219758672647032
460.22069747126676,45.17308544622267,45.292934971311844,1,0.11984952508917246
460.9371352009475,54.886774060136645,54.84173308143321,2,-0.045040978703433154
461.6140419901976,35.43271350126531,35.112784320424105,3,-0.31992918084120703
462.2822039297298,17.28879174666531,17.536409922475997,4,0.24761817581068613
463.24107340129484,45.73773093805755,45.854692090005344,1,0.11696115194779111
463.95703652147864,54.74195285994199,54.6909899649971,2,-0.05096289494488815
464.6235558808289,34.70414460444715,34.38256111198127,3,-0.3215834924658836
465.30252553709283,17.75400348498124,18.025000325704408,4,0.27099684072316776
466.2614401858257,46.28867824580141,46.40269030629569,1,0.11401206049428225
466.9769257908023,54.57904172332917,54.52217883346314,2,-0.05686288986603216
467.6430641917025,33.968219535466915,33.644064642117975,3,-0.32415489334893977
468.32287338927875,18.26019753562491,18.55233596813997,4,0.2921384325150598
469.28179762797197,46.82563134295492,46.936636139368915,1,0.11100479641399374
469.9968030587957,54.398113901825695,54.33537554255181,2,-0.0627383592738866
470.6625689959428,33.2268303378811,32.90041523044484,3,-0.32641510743625446
471.3432448485919,18.803370150564547,19.114484082073332,4,0.3111139315087854
472.3021455387683,47.3483061036859,47.456247908021865,1,0.10794180433596523
473.01666838086584,54.19925093877964,54.13066425214699,2,-0.06858668663264922
473.682070788704,32.48070680790249,32.1523632999344,3,-0.32834350796809275
474.36363739274225,19.37966712350203,19.707692573401676,4,0.3280254498996449
475.3224837368905,47.856429879487905,47.96125531760756,1,0.10482543811965428
476.0365218179709,53.98254270116354,53.90813745938139,2,-0.07440524178214503
476.7015700982931,31.730627077990903,31.40070983661984,3,-0.3299172413710636
477.3840486415724,19.985432338515352,20.32842707885417,4,0.34299474033881694
478.34281204840516,48.349741121455736,48.45139909178614,1,0.10165797033040747
479.0563634366446,53.748087415215196,53.66789603661229,2,-0.0801913786029047
479.7210674898073,30.97742288474592,30.646311954248233,3,-0.3311109304976867
480.4044763719241,20.61723697387663,20.973390860045736,4,0.3561538861691069
481.36313030654674,48.827989043658704,48.92643064413932,1,0.09844160048061923
482.0761933090246,53.495991708174984,53.41004927479953,2,-0.08594243337545038
482.7405635692538,30.22198553878752,29.890089196968287,3,-0.33189634181923466
483.4349200091967,21.27300774510843,21.64176927471333,4,0.3687615296048996
484.3834383515184,49.29093332287948,49.38611178528123,1,0.09517846240174777
485.0960115128839,53.22637065496849,53.13471493286501,2,-0.09165572210348216
485.76005898821114,29.465272680909038,29.13303066850211,3,-0.33224201240692963
486.45537472125255,21.947600412616453,22.326332303008616,4,0.3787318903921637
487.40373603031435,49.73834383079634,49.8302144616013,1,0.09187063080496216
488.11581813166765,52.93934783213672,52.842019293689134,2,-0.09732853844758438
488.77955444909355,28.708315916802007,28.378707509722584,3,-0.32960840707942296
489.47584020704716,22.639389633809515,23.026674335694697,4,0.38728470188518216
490.4240231965615,50.17000039481445,50.25852052221709,1,0.0885201274026386
491.1356132545342,52.63505537811852,52.532097227481984,2,-0.1029581506365389
491.7990507110796,27.95222942184239,27.623257651923716,3,-0.32897176991867383
492.496314871422,23.34589524473074,23.740435921023575,4,0.3945406762928343
493.4442997103781,50.585692584903086,50.670821511102126,1,0.08512892619904022
494.15539697640116,52.31363406205958,52.20509226335945,2,-0.1085417987001307
494.8185485967672,27.198219610284013,26.870438014558335,3,-0.32778159572567844
495.5167972561431,24.06484872567205,24.465460444144316,4,0.4006117184722662
496.4745663000816,50.98586589920728,51.06820293151762,1,0.08233703231033473
497.17516939799873,51.97523336114784,51.861156670056594,2,-0.11407669109124896
497.83804899960575,26.447595948752678,26.121606601462403,3,-0.3259893472902746
498.53728602881745,24.79417697487918,25.199777422648033,4,0.4056004477688546
499.4948210783991,51.36900883636031,51.4478516931995,1,0.07884285683919501
