0.8149333926259625,51.57743703820757,51.61516911199965,1,-0.037732073792078324
2.177328530393165,25.408246391110584,25.042144956474537,3,0.3661014346360467
2.878006194519682,25.849259853313395,26.281245818814888,4,-0.43198596550149304
3.8151705314109297,51.91664683404155,51.96834315170945,1,-0.05169631766789706
5.176842641787409,24.656305061819705,24.314478322177017,3,0.3418267396426877
5.878502379163115,26.558289304446436,27.02607031566576,4,-0.4677810112193228
6.815396618648176,52.259530831266304,52.30491938141459,1,-0.04538855014828869
8.176362933888322,23.837455464861865,23.59636972974821,3,0.2410857351136535
8.879001135355482,27.33864311336459,27.77454337094369,4,-0.43590025757909956
9.815611550033239,52.54996717185507,52.62474251555648,1,-0.07477534370140404
11.175890699851827,23.22729691533365,22.889786588077648,3,0.33751032725600183
12.815815226990875,52.90429575584339,52.92766583981734,1,-0.023370083973944134
14.17542735415298,22.40159438692794,22.196880844211446,3,0.2047135427164939
14.880002896220288,28.872276274235105,29.27981077850853,4,-0.40753450427342486
15.816007556617139,53.084865813816755,53.213551126229945,1,-0.12868531241318948
17.174974443348233,21.80516060079057,21.520005044961056,3,0.2851555558295118
17.880504335167256,29.71969278411182,30.031777289716135,4,-0.31208450560431444
18.81618845162788,53.36675503381849,53.48226855776567,1,-0.11551352394717895
20.17453365620402,21.08391165670366,20.861727275961318,3,0.22218438074234115
20.881005200409014,30.407494716405097,30.782730652427887,4,-0.37523593602278993
21.816357830313013,53.79494287357078,53.73369666143495,1,0.06124621213583481
23.174106832339998,20.50143987620459,20.224843631218494,3,0.27659624498609503
23.881504846652884,31.105628737693223,31.531714402394474,4,-0.426085664701251
24.81651561649596,53.976205947235414,53.96772224903885,1,0.008483698196563694
26.173695968214695,19.912213389968727,19.61238637174132,3,0.29982701822740765
26.88200267366232,31.816528202374375,32.2778384911595,4,-0.4613102887851248
27.81666173949779,54.07783310669295,54.184240364804765,1,-0.1064072581118154
29.173303218908796,19.28888692788814,19.027625363742892,3,0.26126156414524715
29.892499768591026,32.69448337140491,33.02274026656064,4,-0.3282568951557323
30.816796134105502,54.41185260680164,54.38315423922385,1,0.028698367577788986
32.892992303727745,33.29026579685798,33.760691458506734,4,-0.4704256616487541
33.82691912945764,54.44230290462618,54.56494963995472,1,-0.1226467353285372
35.182580319839694,18.1740537576252,17.95373040720076,3,0.22032335042444018
35.9034830686603,34.23089384177541,34.495878366817244,4,-0.26498452504183234
36.827029853805875,54.693796558408906,54.728337900234195,1,-0.034541341825288896
38.90396834047838,34.91351526168478,35.22272984890571,4,-0.30921458722092865
39.827128686500274,54.861257068273446,54.873880119418445,1,-0.012623051144998954
41.18196058592514,17.192190068018007,17.03701080858105,3,0.15517925943695587
41.90444932171525,35.599876025301384,35.9430528724501,4,-0.3431768471487189
42.82721558396321,54.927899236479895,55.00151194248599,1,-0.07361270600609515
44.17169637664008,16.822847884318026,16.64804899134765,3,0.17479889297037587
44.90492560291634,36.25561201391482,36.65623888136394,4,-0.4006268674491196
45.82729050797467,55.0739703418119,55.11117704393424,1,-0.03720670212234012
47.17146463471804,16.483673134539604,16.30841545148363,3,0.17525768305597467
47.90539679683643,37.01809498668315,37.361712136883376,4,-0.3436171502002239
48.82735342565868,55.287274543390104,55.20282710835278,1,0.0844474350373261
50.171268805459526,16.019389563185996,16.023212479880637,3,-0.0038229166946415205
50.90586253652013,37.76634759540919,38.05892689505994,4,-0.2925792996507539
51.82740430947183,55.34440869687699,55.2764218142274,1,0.06798688264959196
53.17111117503809,16.008867702134015,15.795803459339758,3,0.21306424279425684
53.90632247360671,38.39798950999619,38.74736491366706,4,-0.3493754036708765
54.827443137193924,55.33532740062406,55.331928820751074,1,0.003398579872985863
56.17099370463648,15.717291346592202,15.629040316085561,3,0.0882510305066404
56.90677627683189,39.00458884686611,39.426533248799025,4,-0.4219444019329117
57.82746989192041,55.31031803980205,55.369323757458716,1,-0.0590057176566674
59.17091793148869,15.665585571552946,15.525117275685462,3,0.14046829586748366
59.907223630703086,39.664967906665716,40.09596230622712,4,-0.4309943995614063
60.82748456205672,55.346273741161724,55.38859021654101,1,-0.04231647537928751
62.170884883863195,15.502474417823523,15.48544808666154,3,0.01702633116198271
62.9076642343271,40.39771051942925,40.75520411684185,4,-0.35749359741259923
63.82748714131426,55.41328126075077,55.38971974772954,1,0.02356151302122811
65.1708950204615,15.496846613370359,15.510582097832147,3,-0.013735484461788516
65.90809780037195,41.00867627808327,41.40383080928684,4,-0.39515453120356625
66.83747757678248,55.32234873476395,55.372624839021825,1,-0.05027610425787543
68.18094845100062,15.549911420793705,15.600575894091513,3,-0.05066447329780743
68.91852546246831,41.69214204747257,42.04353972075305,4,-0.35139767328048066
69.83745593635206,55.284636178040714,55.337426571311944,1,-0.052790393271230585
71.18104408955786,15.52814921352176,15.753601399915716,3,-0.22545218639395692
71.91894411543024,42.42401957174141,42.669687649182215,4,-0.2456680774408042
72.837422218039,55.25742956804301,55.2841138210034,1,-0.02668425296039345
74.1811807673066,15.87339697606229,15.967819609547059,3,-0.09442263348476843
74.91935494067066,42.93938186311099,43.284043417445844,4,-0.3446615543348557
75.83737643678965,55.33501726441784,55.212709993036555,1,0.12230727138128827
77.18135673758444,16.065965579384176,16.240512057153946,3,-0.17454647776976984
77.91975769691659,43.51915249126913,43.88624749979175,4,-0.3670950085226181
78.83731861286128,55.26408371694971,55.12324646162186,1,0.14083725532785252
80.1815698747742,16.49616920100817,16.568415286227832,3,-0.07224608521966402
80.92015215277918,44.111900645229355,44.47789947845379,4,-0.36599883322443816
81.83724877182817,55.13892027651145,55.01576258027338,1,0.12315769623806716
83.18181777606343,16.888798580163332,16.947874148341054,3,-0.05907556817772175
83.92053808624544,44.744546678134334,45.05473631242682,4,-0.3101896342924846
84.83716694458964,54.89944456574693,54.89030569464658,1,0.009138871100354606
86.92091528422226,45.27790809743459,45.61842705320008,4,-0.3405189557654893
87.83707316737986,54.747387571216684,54.74693115835876,1,0.0004564128579218618
89.19240854678381,17.619534808221463,17.847399387197477,3,-0.2278645789760141
89.9212835421438,45.81127994484701,46.168666791685624,4,-0.3573868468386152
90.83696748177992,54.63952737102401,54.58570235201082,1,0.053825019013189035
92.19274508690054,18.2252748039439,18.357948670900885,3,-0.1326738669569849
92.92164266360277,46.346536204400486,46.70516276751981,4,-0.35862656311932284
93.83684993473223,54.46102961605233,54.40669070567154,1,0.05433891038079253
95.19310584972324,18.53145588472241,18.90423218523265,3,-0.37277630051024246
95.92199246003322,46.90246743573066,47.2276338981304,4,-0.3251664623997428
96.83672057855718,54.20665024060832,54.20997572513104,1,-0.00332548452271908
98.19348831779395,19.226446483702233,19.48250214780801,3,-0.2560556641057765
98.92233275042545,47.32801847034176,47.73581035876549,4,-0.4077918884237306
99.8365794709727,53.94312362929791,53.99564502227867,1,-0.05252139298076486
101.19389010400977,19.901825953912596,20.089211735102346,3,-0.18738578118975013
101.93266444673215,47.97753048442461,48.23105400020907,4,-0.2535235157844582
102.83642667511677,53.884830531753046,53.76379435001347,1,0.12103618173957642
104.19430896994321,20.524945605337745,20.721040010170142,3,-0.19609440483239737
104.9329851779058,48.53572639046244,48.7098251011377,4,-0.17409871067525984
105.83626225957316,53.56675800125091,53.514527642152395,1,0.05223035909851603
107.19474283438396,21.109322777143362,21.37490277943205,3,-0.2655800022886865
107.93329590241615,48.82090286668404,49.17355527854519,4,-0.3526524118611505
108.83608629840084,53.3749877656077,53.24795705886441,1,0.12703070674329098
110.19518977455321,21.72313041911329,22.047952997090658,3,-0.32482257797736835
111.83589887116734,53.026461384017125,52.96420303822678,1,0.06225834579034739
113.19564802213328,22.331098349447476,22.73757384482022,3,-0.4064754953727423
113.93388672577774,49.800281061424556,50.05499010731973,4,-0.25470904589517573
114.83570006298675,52.83325466798086,52.66339435457619,1,0.16986031340466923
116.19611595586811,23.13876863193706,23.441367025855573,3,-0.30259839391851173
116.93416653797134,50.26654669737648,50.4722675327881,4,-0.20572083541162556
117.83548996456236,52.43996317407596,52.34566818441038,1,0.0942949896655847
119.19659209209904,23.898892941935173,24.157138233473493,3,-0.2582452915383193
119.93443576991325,50.60666823794078,50.87364918138357,4,-0.266980943442789
120.89836282204928,26.896248207353672,26.591959582334482,2,0.30428862501918985
122.19707507425093,24.51011056164443,24.88288124106134,3,-0.37277067941690945
123.8350362880383,51.62553279103455,51.660054556489555,1,-0.03452176545500407
125.19756366199076,25.18914783836565,25.616761637057014,3,-0.4276137986913646
125.93494198811639,51.533465028455275,51.6279728636359,4,-0.09450783518062167
126.83479291975821,51.221993682570385,51.29248417907511,1,-0.07049049650472483
128.19805672054966,25.974744381032433,26.35710089476866,3,-0.3823565137362266
128.93517873691778,51.810652477919234,51.98056118128587,4,-0.16990870336663733
129.83453868100375,50.97426491233392,50.908630675589265,1,0.06563423674465696
131.19855321052393,26.673839610986512,27.102361215353127,3,-0.42852160436661535
131.9354044303747,52.12871223847058,52.3165460356989,4,-0.18783379722832194
132.8342736912835,50.4830540500515,50.50867455170123,1,-0.025620501649733285
134.19905217834108,27.517126098553334,27.85113139859076,3,-0.33400530003742546
134.93561896438683,52.51223883567544,52.63577244677545,4,-0.12353361110000805
135.83399807609263,50.14352096320194,50.09280532471662,1,0.050715638485314685
137.19955274748574,28.223338688541457,28.602113866480543,3,-0.37877517793908666
137.93582224058102,52.76707722474936,52.93809400247326,4,-0.17101677772389934
138.83371196701043,49.66991969140747,49.66122167283734,1,0.008698018570129307
140.20005411051795,28.994965380106667,29.356619982455225,3,-0.3616546023485583
140.93601416625333,53.02229741672779,53.22337277427079,4,-0.20107535754300443
141.83341550180953,49.32146260273741,49.214131602465066,1,0.10733100027234599
143.20055552187424,29.77018441207502,30.108528961773548,3,-0.338344549698526
143.93619465431806,53.36018947539946,53.49147924207305,4,-0.13128976667358927
144.83310882457852,48.859103353006915,48.751752635675246,1,0.1073507173316699
146.20105629141617,30.606152049884543,30.85932385851477,3,-0.2531718086302277
146.93636362326197,53.634433384842545,53.74229222759739,4,-0.10785884275484392
147.83279208585907,48.211366626918355,48.27431202025283,1,-0.06294539333447347
149.20155577867922,31.299336242316507,31.60805532470501,3,-0.3087190823885031
149.93652099710394,53.86227765384857,53.97569883538178,4,-0.11342118153320513
150.83246544279993,47.70388604958376,47.78204696497967,1,-0.07816091539591241
152.2020533877605,32.00210742359696,32.35383970082988,3,-0.35173227723291944
152.93666670535939,54.052960247940014,54.191594400651574,4,-0.13863415271156043
153.8321290593291,47.32628853454969,47.27520490320348,1,0.0510836313462093
155.21255020871178,32.81467306758846,33.09831854454446,3,-0.2836454769560035
155.93680068300858,54.2992493869232,54.38988244336528,4,-0.09063305644207986
156.8217842752248,46.873619443621656,46.75580448324831,1,0.11781496037334449
158.2130424191604,33.59235869389851,33.835771585549324,3,-0.24341289165081292
158.93692287046892,54.41564321862616,54.5704746278364,4,-0.15483140921023875
159.82142896182137,46.331138503901364,46.22063949400969,1,0.11049900989167583
161.21353118676964,34.323522321448436,34.56795547756905,3,-0.24443315612061411
161.93703321357052,54.56657102882466,54.733290727397495,4,-0.16671969857283386
162.82106444188526,45.74959741019812,45.671703327975145,1,0.07789408222297567
164.2140160536252,34.950881607268485,35.29419010363342,3,-0.34330849636493355
164.93713166353507,54.82718896709396,54.87825859363586,4,-0.051069626541902835
165.82069090861376,45.26273481978628,45.109287607743155,1,0.15344721204312606
167.21449658840234,35.838169033103824,36.013834605044934,3,-0.17566557194111
167.93721817695726,54.99892159131865,55.005314129787784,4,-0.0063925384691359
168.82030856320847,44.55695137784241,44.53369605716544,1,0.023255320676966562
170.21497238393297,36.47132659835213,36.72628380351486,3,-0.25495720516273224
170.93729271578894,54.98402877937943,55.114401267931584,4,-0.13037248855215466
171.81991761522315,44.13560897301328,43.94722752774215,1,0.18838144527112632
173.21544305505782,37.04639715646141,37.43096504335578,3,-0.3845678868943736
173.9373552473256,55.21276026674782,55.20547194966863,4,0.007288317079193973
174.8195182829437,43.4738830833977,43.346287773266475,1,0.12759531013122682
176.21590823673046,37.90164996929328,38.12733540343075,3,-0.22568543413746767
176.93740574419493,55.22503753251438,55.27848611002713,4,-0.05344857751275356
177.81911079381737,42.8050930378548,42.73316035148509,1,0.0719326863697134
179.2163675823428,38.57665372546688,38.8148792343639,3,-0.23822550889701688
179.9374441843476,55.26367845342246,55.333411664366594,4,-0.0697332109441362
180.81869538493785,42.192338940461184,42.10820324691298,1,0.08413569354820538
182.21682076224494,39.27796803951096,39.493105981788204,3,-0.21513794227724503
182.93747055104973,55.39088994650582,55.370224498100534,4,0.020665448405289055
183.8182723035891,41.651714067520736,41.471789880930665,1,0.17992418659007114
185.21726746243638,39.88374590072801,40.161548261138755,3,-0.277802360410746
185.93748483287723,55.309407254040856,55.38890845909446,4,-0.07950120505360303
186.817841807857,40.913775319650206,40.82431004682353,1,0.08946527282667915
188.21770738340783,40.55532598428038,40.819760153714675,3,-0.26443416943429554
188.93748702371187,55.46321340017495,55.38945535263222,4,0.07375804754273219
189.8174041673178,40.27110031803849,40.16617096232838,1,0.1049293557101123
191.9374771227391,55.42372752879105,55.37186493887998,4,0.0518625899110674
192.81695966381363,39.60529430751116,39.49779845530835,1,0.10749585220280977
194.21856575607075,41.94157593232122,42.10380754922991,3,-0.16223161690869148
194.93745513444733,55.27288419375399,55.33614493281226,4,-0.06326073905827201
195.81650859232664,38.88732353259391,38.81963830038487,1,0.06768523220904399
197.21898367253627,42.34109163299205,42.728845798091236,3,-0.3877541650991887
197.93742106862902,55.304925026799516,55.28231100659869,4,0.0226140202008267
198.81605126196501,38.2253431451879,38.13215772688149,1,0.0931854183064118
200.21939373780774,43.1420987577191,43.342056911941704,3,-0.19995815422260677
200.9373749403833,55.29041534978432,55.21038679448548,4,0.08002855529883846
201.8155879970761,37.57482626019764,37.435847121317096,1,0.13897913888054347
203.21979571157925,43.64789140128778,43.943082801682685,3,-0.29519140039490566
203.93731677012045,55.13957228872182,55.12040390023994,4,0.019168388481880072
204.815119138504,36.82329502747006,36.73122195097063,1,0.09207307649943175
206.22018936337795,44.26775004524369,44.53352032402812,3,-0.26577027878443005
206.9372465835679,55.04840986443914,55.012401907262635,4,0.03600795717650129
207.81464504501128,36.126787114612576,36.01882493876621,1,0.10796217584636736
209.2205744720612,44.7090116678601,45.10911580536242,3,-0.40010413750231777
209.93716441177844,54.987005690769735,54.886428391508296,4,0.10057729926143821
212.22095082536592,45.411840169835045,45.67153554992573,3,-0.25969538009068316
212.93707029113995,54.883045561187856,54.74253893739522,4,0.14050662379263912
213.81368268776833,34.70794409032131,34.573037647673885,1,0.13490644264742713
215.22131821952047,45.911582770096594,46.22047583013697,3,-0.30889306004037564
215.93696426338767,54.719963854048224,54.58079715692277,4,0.1391666971254537
216.81319524670073,33.97342792112382,33.84089290816522,1,0.13253501295859849
218.22167645887913,46.418057597939026,46.755645019817216,3,-0.33758742187819024
218.9368463756186,54.58654337948103,54.401274712259756,4,0.18526866722127266
219.81270422047564,33.327174262717854,33.10347413536946,1,0.22370012734839406
221.22202535560905,46.97460910127575,47.276763128384864,3,-0.3021540271091112
221.93671668030817,54.18008218489845,54.20405134211134,4,-0.02396915721288906
222.81221008627693,32.567972449936136,32.36150444198834,1,0.20646800794779807
224.2323658445343,47.60570975701567,47.785226476018025,3,-0.17951671900235766
224.93657523533005,54.07754105081736,53.98921489222148,4,0.08832615859587634
225.801715012187,31.72943419612606,31.618246029518286,1,0.11118816660777497
227.2326954897776,48.06942778007041,48.27739794871488,3,-0.20797016864446505
227.93642210397866,53.88100109265649,53.756861350420465,4,0.12413974223602509
230.2330152725555,48.39946362357286,48.75474343974832,3,-0.3552798161754538
230.93625735499492,53.68971824975468,53.50709488668453,4,0.18262336307014948
231.80071596871997,30.333653989210415,30.118775958475997,1,0.21487803073441825
233.23332503377458,49.03811681101979,49.21702580453756,3,-0.17890899351777279
233.9360810625959,53.40626624248589,53.24002789873749,4,0.16623834374840385
0.8149333926259625,51.512080349942245,51.61516911199965,1,-0.10308876205740347
2.177328530393165,25.49601708605464,25.042144956474537,3,0.4538721295801018
2.878006194519682,25.98686001783735,26.281245818814888,4,-0.29438580097753686
3.8151705314109297,51.844284537460304,51.96834315170945,1,-0.12405861424914377
5.176842641787409,24.678339950153966,24.314478322177017,3,0.36386162797694865
5.878502379163115,26.65078258214793,27.02607031566576,4,-0.37528773351782974
6.815396618648176,52.26682732042254,52.30491938141459,1,-0.038092060992049426
8.176362933888322,23.98095085784781,23.59636972974821,3,0.38458112809959744
8.879001135355482,27.36467326877712,27.77454337094369,4,-0.4098701021665683
9.815611550033239,52.547367205962935,52.62474251555648,1,-0.07737530959354189
11.175890699851827,23.198706950927065,22.889786588077648,3,0.3089203628494168
11.87950157909156,28.060594023417536,28.525356363772296,4,-0.46476234035475983
12.815815226990875,52.78391585445983,52.92766583981734,1,-0.14374998535750905
14.17542735415298,22.516508976736873,22.196880844211446,3,0.3196281325254269
14.880002896220288,28.75963984594529,29.27981077850853,4,-0.5201709325632393
15.816007556617139,53.18765517056305,53.213551126229945,1,-0.025895955666896953
17.174974443348233,21.779188205312273,21.520005044961056,3,0.2591831603512169
17.880504335167256,29.615673834647794,30.031777289716135,4,-0.4161034550683418
18.81618845162788,53.512555987192215,53.48226855776567,1,0.03028742942654361
20.17453365620402,21.19585904900493,20.861727275961318,3,0.3341317730436124
20.881005200409014,30.267033711103288,30.782730652427887,4,-0.5156969413245989
21.816357830313013,53.63402321312847,53.73369666143495,1,-0.09967344830647562
23.174106832339998,20.619465760580884,20.224843631218494,3,0.3946221293623893
23.881504846652884,31.064853367773395,31.531714402394474,4,-0.4668610346210791
24.81651561649596,53.97026532913794,53.96772224903885,1,0.002543080099087547
26.173695968214695,19.932837607522785,19.61238637174132,3,0.3204512357814657
26.88200267366232,31.829577196162862,32.2778384911595,4,-0.44826129499663736
27.81666173949779,54.19791086630612,54.184240364804765,1,0.01367050150135185
29.173303218908796,19.23198483195759,19.027625363742892,3,0.20435946821469742
29.892499768591026,32.62313970456093,33.02274026656064,4,-0.39960056199971206
30.816796134105502,54.361811336712265,54.38315423922385,1,-0.021342902511584327
32.172930893765006,18.682278186060508,18.474059793281825,3,0.20821839277868293
32.892992303727745,33.31607744662072,33.760691458506734,4,-0.4446140118860171
33.82691912945764,54.424938066765144,54.56494963995472,1,-0.14001157318957524
35.182580319839694,18.062334442266895,17.95373040720076,3,0.10860403506613636
35.9034830686603,34.03698567745531,34.495878366817244,4,-0.4588926893619316
36.827029853805875,54.58896061601253,54.728337900234195,1,-0.1393772842216663
38.182256402286775,17.603167362118985,17.4739816758667,3,0.12918568625228488
38.90396834047838,34.91493841331137,35.22272984890571,4,-0.3077914355943392
39.827128686500274,54.84254535944974,54.873880119418445,1,-0.031334759968707715
41.18196058592514,17.3107894985846,17.03701080858105,3,0.2737786900035495
41.90444932171525,35.57331410747597,35.9430528724501,4,-0.36973876497413016
42.82721558396321,54.96532601833902,55.00151194248599,1,-0.036185924146970194
44.17169637664008,16.717941385633956,16.64804899134765,3,0.06989239428630611
44.90492560291634,36.22463928352182,36.65623888136394,4,-0.43159959784212276
45.82729050797467,55.13670400599762,55.11117704393424,1,0.02552696206338112
47.17146463471804,16.54325632430956,16.30841545148363,3,0.2348408728259308
47.90539679683643,37.00859528731292,37.361712136883376,4,-0.35311684957045486
48.82735342565868,55.31409061007917,55.20282710835278,1,0.11126350172639121
50.171268805459526,16.22314344028395,16.023212479880637,3,0.19993096040331082
50.90586253652013,37.65420574552522,38.05892689505994,4,-0.4047211495347227
51.82740430947183,55.22790969947799,55.2764218142274,1,-0.048512114749406976
53.17111117503809,15.876930749792827,15.795803459339758,3,0.08112729045306821
53.90632247360671,38.29947225246604,38.74736491366706,4,-0.4478926612010241
54.827443137193924,55.23210903714401,55.331928820751074,1,-0.09981978360706023
56.17099370463648,15.685632970296258,15.629040316085561,3,0.05659265421069648
56.90677627683189,39.024633467851196,39.426533248799025,4,-0.4018997809478293
57.82746989192041,55.36351365153473,55.369323757458716,1,-0.005810105923984565
59.17091793148869,15.656731975595122,15.525117275685462,3,0.1316146999096599
59.907223630703086,39.735301067717955,40.09596230622712,4,-0.36066123850916654
60.82748456205672,55.319637417608924,55.38859021654101,1,-0.06895279893208794
62.170884883863195,15.324981512440054,15.48544808666154,3,-0.1604665742214859
62.9076642343271,40.34498575226455,40.75520411684185,4,-0.4102183645773039
63.82748714131426,55.41705624990989,55.38971974772954,1,0.02733650218034711
65.1708950204615,15.520756321956435,15.510582097832147,3,0.010174224124288145
65.90809780037195,41.00831093782888,41.40383080928684,4,-0.39551987145795664
66.83747757678248,55.37829098311506,55.372624839021825,1,0.005666144093233072
68.18094845100062,15.725122193424054,15.600575894091513,3,0.12454629933254147
68.91852546246831,41.67957744994215,42.04353972075305,4,-0.3639622708109016
69.83745593635206,55.24479413197353,55.337426571311944,1,-0.09263243933841636
71.18104408955786,15.667370700349503,15.753601399915716,3,-0.08623069956621343
71.91894411543024,42.21478564541543,42.669687649182215,4,-0.454902003766783
72.837422218039,55.128487311739235,55.2841138210034,1,-0.15562650926416666
74.1811807673066,15.789434229729345,15.967819609547059,3,-0.17838537981771374
74.91935494067066,42.93945597844349,43.284043417445844,4,-0.34458743900235334
75.83737643678965,55.083617149611094,55.212709993036555,1,-0.129092843425461
77.18135673758444,16.099456317841142,16.240512057153946,3,-0.14105573931280446
77.91975769691659,43.45455000344342,43.88624749979175,4,-0.43169749634832755
78.83731861286128,55.19713218322469,55.12324646162186,1,0.07388572160282791
80.1815698747742,16.35250712040055,16.568415286227832,3,-0.21590816582728323
80.92015215277918,44.20566815779182,44.47789947845379,4,-0.2722313206619731
81.83724877182817,54.95385075246247,55.01576258027338,1,-0.06191182781090987
83.18181777606343,16.868605032839028,16.947874148341054,3,-0.07926911550202576
83.92053808624544,44.746984261033695,45.05473631242682,4,-0.30775205139312334
84.83716694458964,54.83011815444191,54.89030569464658,1,-0.06018754020466588
86.18209786205391,17.283697913814173,17.37499127839582,3,-0.09129336458164872
86.92091528422226,45.251638929526855,45.61842705320008,4,-0.3667881236732242
87.83707316737986,54.736589103982425,54.74693115835876,1,-0.010342054376337728
89.19240854678381,17.70264137368447,17.847399387197477,3,-0.14475801351300532
89.9212835421438,45.9142576118977,46.168666791685624,4,-0.25440917978792044
90.83696748177992,54.53670041484643,54.58570235201082,1,-0.04900193716439105
92.19274508690054,18.19425931771887,18.357948670900885,3,-0.16368935318201494
92.92164266360277,46.395719608251525,46.70516276751981,4,-0.3094431592682838
93.83684993473223,54.441166297390886,54.40669070567154,1,0.03447559171934955
95.19310584972324,18.68224738237025,18.90423218523265,3,-0.2219848028624014
95.92199246003322,46.97383944825103,47.2276338981304,4,-0.25379444987937205
96.83672057855718,54.36991381523202,54.20997572513104,1,0.15993809010097948
98.19348831779395,19.168503529308584,19.48250214780801,3,-0.3139986184994257
98.92233275042545,47.51611910881926,47.73581035876549,4,-0.21969124994623002
99.8365794709727,54.13532689327247,53.99564502227867,1,0.13968187099379747
101.19389010400977,19.778156090814882,20.089211735102346,3,-0.3110556442874639
101.93266444673215,47.979914291287926,48.23105400020907,4,-0.25113970892114423
102.83642667511677,53.80871583911076,53.76379435001347,1,0.0449214890972911
104.19430896994321,20.376155532616526,20.721040010170142,3,-0.3448844775536166
104.9329851779058,48.4983661591694,48.7098251011377,4,-0.21145894196830284
105.83626225957316,53.505613882436776,53.514527642152395,1,-0.008913759715618141
107.19474283438396,21.05645706726943,21.37490277943205,3,-0.3184457121626174
107.93329590241615,48.85306999106455,49.17355527854519,4,-0.3204852874806363
108.83608629840084,53.20637064804877,53.24795705886441,1,-0.04158641081563985
110.19518977455321,21.750880239185186,22.047952997090658,3,-0.2970727579054717
110.93359646721376,49.333880721089365,49.622016407161155,4,-0.2881356860717901
111.83589887116734,53.005469072994394,52.96420303822678,1,0.04126603476761659
113.19564802213328,22.35800677288335,22.73757384482022,3,-0.37956707193686867
113.93388672577774,49.73138944124962,50.05499010731973,4,-0.3236006660701136
114.83570006298675,52.822990615224136,52.66339435457619,1,0.15959626064794463
116.19611595586811,23.087474584336228,23.441367025855573,3,-0.3538924415193456
116.93416653797134,50.25879003403626,50.4722675327881,4,-0.21347749875184263
117.83548996456236,52.41960012309265,52.34566818441038,1,0.07393193868227144
119.19659209209904,23.92696496049056,24.157138233473493,3,-0.2301732729829311
119.93443576991325,50.67159543780546,50.87364918138357,4,-0.20205374357811223
120.83526867223517,52.04364811002435,52.01117018068955,1,0.03247792933480298
122.19707507425093,24.619405985148614,24.88288124106134,3,-0.26347525591272714
122.93469429386262,51.11406942333179,51.25894472596308,4,-0.14487530263129145
123.8350362880383,51.62865610193949,51.660054556489555,1,-0.031398454550064514
125.19756366199076,25.271010453978004,25.616761637057014,3,-0.34575118307900965
125.93494198811639,51.43914205942068,51.6279728636359,4,-0.1888308042152147
126.83479291975821,51.28378414762762,51.29248417907511,1,-0.00870003144748921
128.19805672054966,25.971997631268195,26.35710089476866,3,-0.385103263500465
128.93517873691778,51.66132435930222,51.98056118128587,4,-0.319236821983651
129.83453868100375,50.969044416765804,50.908630675589265,1,0.060413741176539304
131.19855321052393,26.790110388597597,27.102361215353127,3,-0.3122508267555304
131.9354044303747,52.125457293888395,52.3165460356989,4,-0.1910887418105034
132.8342736912835,50.619747611109695,50.50867455170123,1,0.11107305940846146
134.19905217834108,27.60040740273996,27.85113139859076,3,-0.2507239958507981
134.93561896438683,52.41810869835808,52.63577244677545,4,-0.21766374841736535
135.83399807609263,50.14023634121013,50.09280532471662,1,0.047431016493504785
137.19955274748574,28.291273393698845,28.602113866480543,3,-0.3108404727816989
137.93582224058102,52.79145516740655,52.93809400247326,4,-0.14663883506670317
138.83371196701043,49.603145916932384,49.66122167283734,1,-0.058075755904958726
140.20005411051795,28.996176945434907,29.356619982455225,3,-0.36044303702031755
140.93601416625333,53.02283395293841,53.22337277427079,4,-0.20053882133237977
141.83341550180953,49.33390918786479,49.214131602465066,1,0.11977758539972427
143.20055552187424,29.834824004697694,30.108528961773548,3,-0.2737049570758536
143.93619465431806,53.43876405943889,53.49147924207305,4,-0.05271518263415942
144.83310882457852,48.82092819842711,48.751752635675246,1,0.06917556275186598
146.20105629141617,30.55922258863123,30.85932385851477,3,-0.300101269883541
146.93636362326197,53.688965832085735,53.74229222759739,4,-0.05332639551165386
147.83279208585907,48.39079636856479,48.27431202025283,1,0.11648434831196397
149.20155577867922,31.22266788032686,31.60805532470501,3,-0.38538744437815
149.93652099710394,53.86791530725917,53.97569883538178,4,-0.10778352812261005
150.83246544279993,47.99680246611627,47.78204696497967,1,0.2147555011366009
152.2020533877605,32.03470601697677,32.35383970082988,3,-0.31913368385311003
152.93666670535939,54.02584832666314,54.191594400651574,4,-0.1657460739884371
153.8321290593291,47.442484434220354,47.27520490320348,1,0.16727953101687376
155.21255020871178,32.734075614567686,33.09831854454446,3,-0.36424292997677554
155.93680068300858,54.16334606143328,54.38988244336528,4,-0.2265363819320001
156.8217842752248,46.85001558602434,46.75580448324831,1,0.09421110277602907
158.2130424191604,33.5606566487187,33.835771585549324,3,-0.2751149368306258
158.93692287046892,54.46491095983932,54.5704746278364,4,-0.10556366799707462
159.82142896182137,46.32605666969985,46.22063949400969,1,0.10541717569016384
161.21353118676964,34.298384049661315,34.56795547756905,3,-0.26957142790773503
161.93703321357052,54.5680349972442,54.733290727397495,4,-0.16525573015329797
162.82106444188526,45.728211334647305,45.671703327975145,1,0.056508006672160604
164.2140160536252,34.9566005168028,35.29419010363342,3,-0.33758958683061735
164.93713166353507,54.766191967903566,54.87825859363586,4,-0.11206662573229664
165.82069090861376,45.1485680046076,45.109287607743155,1,0.039280396864441514
167.21449658840234,35.66813063106388,36.013834605044934,3,-0.34570397398105257
167.93721817695726,54.851819761325864,55.005314129787784,4,-0.15349436846192077
168.82030856320847,44.792094864977166,44.53369605716544,1,0.258398807811723
170.21497238393297,36.31942604844584,36.72628380351486,3,-0.40685775506901933
170.93729271578894,55.02638033478188,55.114401267931584,4,-0.08802093314970705
171.81991761522315,43.98786368121041,43.94722752774215,1,0.0406361534682631
173.21544305505782,37.23434988804816,37.43096504335578,3,-0.19661515530762586
173.9373552473256,55.21231684819631,55.20547194966863,4,0.006844898527681664
174.8195182829437,43.52344552320567,43.346287773266475,1,0.17715774993919808
176.21590823673046,37.878182118684684,38.12733540343075,3,-0.24915328474606468
176.93740574419493,55.281548075424496,55.27848611002713,4,0.0030619653973644745
177.81911079381737,42.81462997863057,42.73316035148509,1,0.08146962714548067
179.2163675823428,38.62080972504938,38.8148792343639,3,-0.1940695093145237
179.9374441843476,55.380695447157116,55.333411664366594,4,0.047283782790522366
180.81869538493785,42.1844714885998,42.10820324691298,1,0.07626824168681878
182.21682076224494,39.15923712185026,39.493105981788204,3,-0.3338688599379438
182.93747055104973,55.284166906521975,55.370224498100534,4,-0.08605759157855886
183.8182723035891,41.53910020482393,41.471789880930665,1,0.06731032389326685
185.21726746243638,39.92568761266753,40.161548261138755,3,-0.235860648471224
185.93748483287723,55.29404353096181,55.38890845909446,4,-0.09486492813265102
186.817841807857,40.901220377217264,40.82431004682353,1,0.07691033039373707
188.21770738340783,40.52412343729298,40.819760153714675,3,-0.2956367164216971
188.93748702371187,55.36746362089566,55.38945535263222,4,-0.021991731736555664
189.8174041673178,40.42757488180935,40.16617096232838,1,0.2614039194809692
191.21814023911526,41.21937756036148,41.46731569746372,3,-0.24793813710223844
191.9374771227391,55.41689133936832,55.37186493887998,4,0.04502640048833939
192.81695966381363,39.69549778562629,39.49779845530835,1,0.1976993303179384
194.21856575607075,41.76231865013053,42.10380754922991,3,-0.3414888990993816
194.93745513444733,55.33625108976089,55.33614493281226,4,0.00010615694863247427
195.81650859232664,39.05713800709291,38.81963830038487,1,0.23749970670804288
197.21898367253627,42.40524534798729,42.728845798091236,3,-0.323600450103946
197.93742106862902,55.472581318913235,55.28231100659869,4,0.19027031231454572
198.81605126196501,38.24058028550077,38.13215772688149,1,0.10842255861928152
200.21939373780774,43.04521858527665,43.342056911941704,3,-0.2968383266650534
200.9373749403833,55.34423785158424,55.21038679448548,4,0.13385105709875944
201.8155879970761,37.51217034087799,37.435847121317096,1,0.07632321956089072
203.21979571157925,43.574799027420845,43.943082801682685,3,-0.36828377426184034
203.93731677012045,55.17528239016359,55.12040390023994,4,0.05487848992364519
204.815119138504,36.818309485677915,36.73122195097063,1,0.0870875347072868
206.22018936337795,44.33648362273492,44.53352032402812,3,-0.19703670129320017
206.9372465835679,55.20862001739755,55.012401907262635,4,0.19621811013491453
207.81464504501128,36.09129262383555,36.01882493876621,1,0.07246768506934131
209.2205744720612,44.95434977056541,45.10911580536242,3,-0.15476603479701367
209.93716441177844,54.95465835431867,54.886428391508296,4,0.06822996281037064
210.81416609488716,35.45867050966172,35.299228523939405,1,0.15944198572231727
212.22095082536592,45.382248234835004,45.67153554992573,3,-0.2892873150907249
212.93707029113995,54.7743189196283,54.74253893739522,4,0.03177998223308265
213.81368268776833,34.610413106513,34.573037647673885,1,0.03737545883911508
215.22131821952047,45.97126274268697,46.22047583013697,3,-0.24921308745000204
215.93696426338767,54.696330512862765,54.58079715692277,4,0.11553335593999492
216.81319524670073,33.90052214793889,33.84089290816522,1,0.0596292397736633
218.22167645887913,46.489655698236774,46.755645019817216,3,-0.26598932158044164
218.9368463756186,54.66525317191636,54.401274712259756,4,0.26397845965660593
219.81270422047564,33.32368814952992,33.10347413536946,1,0.2202140141604616
221.22202535560905,46.98721083683365,47.276763128384864,3,-0.2895522915512174
221.93671668030817,54.29293174209551,54.20405134211134,4,0.08888039998416986
222.81221008627693,32.588862648810895,32.36150444198834,1,0.22735820682255792
224.2323658445343,47.56115736671381,47.785226476018025,3,-0.2240691093042173
224.93657523533005,54.17160687955381,53.98921489222148,4,0.18239198733233053
225.801715012187,31.732469869327605,31.618246029518286,1,0.11422383980931983
227.2326954897776,48.06855567974685,48.27739794871488,3,-0.20884226896802716
227.93642210397866,53.96207736600512,53.756861350420465,4,0.20521601558465363
228.8012162284701,31.035903858284062,30.869548946559224,1,0.16635491172483796
230.2330152725555,48.63163009955034,48.75474343974832,3,-0.12311334019797471
230.93625735499492,53.61858787984417,53.50709488668453,4,0.11149299315964356
231.80071596871997,30.28100396161337,30.118775958475997,1,0.16222800313737196
233.23332503377458,48.93533678173747,49.21702580453756,3,-0.28168902280009434
233.9360810625959,53.349835554078695,53.24002789873749,4,0.10980765534120707
234.80021485778104,29.542848002324707,29.366875469031235,1,0.1759725332934714
236.23362462101537,49.42065442045386,49.66401785791518,3,-0.24336343746131917
236.93589330650826,53.10910542087192,52.95578106379291,4,0.1533243570790077
237.79971356838448,28.725720647299408,28.617374652761423,1,0.10834599453798432
239.23391388837229,49.839623463052575,50.09550213900953,3,-0.2558786759569571
239.93569417200635,52.81454298945843,52.65448339711156,4,0.16005959234686884
240.79921282667925,27.986177426374287,27.866359981144708,1,0.11981744522957882
242.23419269631108,50.29932756724992,50.51127070136095,3,-0.21194313411103138
242.93548374995507,52.43160631558746,52.336272318132536,4,0.09533399745492233
243.79871341844466,27.177977399935823,27.1175323434256,1,0.06044505651022192
245.23446091154128,50.616629363459424,50.911124925583216,3,-0.29449556212379235
245.9352621368585,52.11718366092499,52.00129372503002,4,0.11588993589496965
246.79821619603533,26.40814892165036,26.372187136952505,1,0.035961784697853716
248.23471840690266,51.02276443520849,51.29487535218156,3,-0.27211091697307666
248.9350294349145,51.8648702409936,51.649702078651046,4,0.21516816234255742
249.79772208609953,25.799119004470516,25.631733130158423,1,0.1673858743120924
251.23496506126352,51.53547518778075,51.66234153240112,3,-0.1268663446203746
251.93478575207612,51.53003166341344,51.28166049690557,4,0.24837116650786584
252.79723209809052,25.018164543383545,24.897705414941495,1,0.1204591284420502
254.23520075943028,51.8867639329832,52.013351895214065,3,-0.12658796223086455
254.93453120212098,51.141957487758134,50.89734086080963,4,0.24461662694850617
255.79674733355424,24.295910165035696,24.171779513369103,1,0.12413065166659365
257.2354253920667,52.15258143811162,52.34774362875874,3,-0.1951621906471246
257.93426590472865,50.73447560342412,50.49692393352761,4,0.23755166989651144
258.7962689961224,23.538027853469092,23.45578651584603,1,0.08224133762306352
260.2356388556219,52.640876820559306,52.665362574728135,3,-0.024485754168829033
260.9339899855681,50.299053594888505,50.080599493922904,4,0.21845410096560158
261.7957984020591,22.910215938997975,22.751728999231272,1,0.15848693976670347
263.23584105226615,52.89800511289704,52.966063134366806,3,-0.06805802146976703
263.9337035763953,49.88850155091656,49.64856648630969,4,0.2399350646068683
264.7953369910926,22.28856595543271,22.06179729098195,1,0.22676866445075916
266.236031889834,53.02102581979368,53.24970818488027,3,-0.22868236508659123
266.933406815163,49.472441807849144,49.20103318830617,4,0.27140861954297435
267.7948863371067,21.46568957719182,21.388385395195566,1,0.07730418199625433
269.2362112817736,53.448058808382925,53.516169005190115,3,-0.06811019680719
269.9330998461435,49.06874590770654,48.73821739892336,4,0.33052850878318196
270.79444815805294,20.987340882995035,20.734105564916188,1,0.2532353180788469
272.2363791471013,53.582380474400374,53.76532521008287,3,-0.18294473568249714
272.93278282006645,48.55406909280375,48.26034664928857,4,0.29372244351517907
273.79402432417277,20.19616715837927,20.101800083032643,1,0.09436707534662858
275.2365354103622,53.945865268313426,53.99706469190455,3,-0.05119942359112173
275.93245589427323,48.025362603661215,47.767658438702924,4,0.25770416495829096
276.7936168632875,19.61071812820412,19.494548302969253,1,0.11616982523486641
278.23668000159466,54.15916789388457,54.211283569045236,3,-0.052115675160663955
278.9321192328898,47.56542319288861,47.26040049907307,4,0.3050226938155376
279.7932279615345,19.051149215398336,18.915666422160825,1,0.1354827932375109
281.2368128562991,54.46583873532539,54.40788614054213,3,0.057952594783259315
281.9217741767992,47.202434719488004,46.74059313431739,4,0.46184158517061036
282.7928599575305,18.433932474556613,18.368696872104554,1,0.06523560245205928
284.23693391541053,54.591726531226556,54.58678484620459,3,0.004941685021968567
284.9214185957264,46.44113931955864,46.20502772805107,4,0.23611159150756578
285.792515327599,17.93170329922631,17.857383714421644,1,0.07431958480466605
287.23704312527474,54.549567020004254,54.74790023173399,3,-0.1983332117297394
287.9210538135736,45.967512285556595,45.65569937552494,4,0.3118129100316551
288.7921966595078,17.575847874976247,17.385630201468807,1,0.19021767350744057
290.2371404376269,54.90372974320837,54.89116091837333,3,0.012568824835042847
290.9206800237643,45.33765941241935,45.09290004094359,4,0.24475937147575877
291.78190752859274,16.9634101985908,16.958785443336783,1,0.004624755254017288
293.2372258095738,54.970349478882596,55.01650357667881,3,-0.0461540977962116
293.92029742773525,44.78357559798402,44.516933803981715,4,0.2666417940023038
294.7816486677957,16.619529785861594,16.577989405447898,1,0.041540380413696454
296.23729920357783,55.023559258502104,55.12387290405851,3,-0.10031364555640465
296.91990623528636,44.301191873816755,43.93010108999567,4,0.3710907838210886
297.7814237108493,16.32225307866114,16.248646426823292,1,0.07360665183784931
299.237360587444,55.14701235349821,55.21322160577176,3,-0.0662092522735449
299.9195066649608,43.6726476499947,43.32880560532761,4,0.3438420446670918
300.7812351312238,15.95185676727732,15.974420103113214,1,-0.022563335835894094
302.2374099343085,55.25826495189664,55.284510379128385,3,-0.026245427231742724
302.9190989444766,42.9474872016324,42.715332551162305,4,0.23215465047009332
303.78108516000657,15.810485752316291,15.758586478342917,1,0.05189927397337435
305.2374472226296,55.24789330019108,55.337707900669265,3,-0.08981460047818501
305.9186833112129,42.42673518988514,42.090040344327,4,0.3366948455581422
306.78097568349546,15.57168457998774,15.603880669555775,1,-0.03219608956803377
308.23747243618055,55.43356382024213,55.372790816150165,3,0.0607730040919634
308.91826001275564,41.75435740080013,41.45330286391987,4,0.3010545368802582
309.7809081460933,15.643358455086574,15.512353898898693,1,0.13100455618788054
311.23748556404377,55.41044319068493,55.389743733188844,3,0.020699457496085927
311.9178293075115,41.250542841857424,40.805510389532174,4,0.44503245232525046
312.780883469255,15.465149058469647,15.48525713821298,1,-0.020108079743332397
314.2374866006075,55.36210131433602,55.388559216472316,3,-0.0264579021362934
314.9173914653986,40.524818540715536,40.14707065739896,4,0.37774788331657305
315.78090199668435,15.537903565617592,15.522966235178304,1,0.014937330439288132
317.23747554556326,55.34515818828011,55.36923778545687,3,-0.024079597176758227
317.91694676862465,39.78229284709461,39.47841005015933,4,0.30388279693527664
318.78096347326056,15.562805964775706,15.624958832737846,1,-0.06215286796214059
320.2374524039058,55.46187521229998,55.3317879145284,3,0.13008729777158123
320.91649551256404,39.148737104947315,38.799974938122624,4,0.34876216682469163
321.7810670606911,15.721315707896226,15.789846373263053,1,-0.06853066536682739
323.2374171859339,55.31405851376711,55.27622603562541,3,0.03783247814169499
323.91603800674744,38.51047293892362,38.11223319247334,4,0.3982397464502796
324.78121138765874,15.975196020665566,16.01545663750834,1,-0.040260616842774155
326.2373699072535,55.23475462829589,55.20257654336159,3,0.03217808493430141
326.9155745759789,37.807219904108486,37.41567589374112,4,0.39154401036736886
327.7813946275595,16.23653295323181,16.298955557779372,1,-0.062422604547563765
329.23731058878207,55.16975425168101,55.110871802719814,3,0.05888244896119943
329.91510556159756,37.08894914572014,36.710819262158594,4,0.37812988356154875
330.7816145939041,16.544487491879792,16.636992991658982,1,-0.09250549977918965
332.2372392567551,55.0530523662722,55.00115215942581,3,0.05190020684639052
332.91463132290465,36.382513589506914,35.99820684027057,4,0.38430674923634456
333.7818688425814,16.90078205772962,17.025856334332136,1,-0.1250742766025148
335.2371559427341,54.916693897861286,54.873465953145946,3,0.04322794471534053
335.91415223877755,35.658748397705466,35.27841196238372,4,0.38033643532174466
336.7921557743686,17.244102434471444,17.46314435864093,1,-0.21904192416948476
338.2370606836168,54.736043942586804,54.72786953369267,3,0.008174408894134899
338.9136687094967,34.84240807101567,34.55204055019035,4,0.29036752082532047
339.7924708040298,17.919155262056723,17.941928303904778,1,-0.02277304184805473
341.23695352164964,54.66939416428092,54.564427280461345,3,0.10496688381957142
341.9131811588151,34.271762082601064,33.81973427918256,4,0.45202780341850257
342.79281216810347,18.201678977525653,18.459597167520887,1,-0.25791818999523386
344.23683450444224,54.42884104795858,54.383211625365256,3,0.04562942259332203
344.912690036303,33.496053355333146,33.082174166289,4,0.41387918904414533
345.7931772654454,18.88830195162442,19.012270970101294,1,-0.12396901847687403
347.2367036849845,54.271074808712925,54.18430307958106,3,0.08677172913186126
347.912195820004,32.8345189096233,32.340084635473744,4,0.49443427414955465
348.7935636015291,19.484705951629994,19.596237587767796,1,-0.11153163613780137
350.2365611216664,53.99687302682589,53.96779026446655,3,0.029082762359337266
350.91169901944664,31.995178380548243,31.594238124728623,4,0.40094025581962
351.7939688165557,20.080623492801966,20.207991880155657,1,-0.12736838735369105
353.23640687830107,53.80753512098298,53.733769947065454,3,0.07376517391752913
353.90120184461074,31.218472351266513,30.84796013931909,4,0.3705122119474247
354.79439070170946,20.69689678395042,20.844257636617,1,-0.14736085266657994
356.2362410241509,53.59773585059656,53.48234708067224,3,0.11538876992431568
356.9007015514038,30.550591948396164,30.097141102150214,4,0.4534508462459499
357.7948272061189,21.27255794247628,21.501996170645157,1,-0.2294382281688776
359.2360636339573,53.33889195051409,53.213634850992825,3,0.12525709952126363
359.9002004256804,29.747186715153855,29.345222910818933,4,0.4019638043349225
360.79527643692694,21.962709406988594,22.178405101881378,1,-0.2156956948927835
362.2358747879748,53.116846697832514,52.92775472850696,3,0.1890919693255526
362.899699141629,28.972918704050056,28.595734868447323,4,0.3771838356027324
363.7957366545429,22.681480478274484,22.8709103444389,1,-0.18942986616441715
365.2356745720095,52.69001979634674,52.62483652771447,3,0.06518326863226775
365.899198427025,28.3003359970523,27.844766007861804,4,0.4555699891904972
366.79620626475463,23.48872202081891,23.577153727038702,1,-0.08843170621979368
368.23546307746227,52.49103057839317,52.30501847403233,3,0.1860121043608416
368.89869906946365,27.459105113517534,27.09601999935147,4,0.3630851141660649
369.79668380899545,24.064626625296263,24.294978100852678,1,-0.23035147555641444
371.2352404013784,52.202413650721354,51.96844727920391,3,0.2339663715174467
371.89820192332655,26.78505134562865,26.350795333885166,4,0.43425601174348216
372.7971679537199,24.843541473565804,25.022411294184604,1,-0.1788698206188002
374.2350066465022,51.728268061205924,51.615278226186234,3,0.11298983501968962
374.8977079175231,26.09969294183829,25.610504229772058,4,0.4891887120662304
375.79765747956156,25.628183312922875,25.757649866824256,1,-0.12946655390138062
377.23476192133967,51.35280429732071,51.24567526459847,3,0.10712903272224139
377.89721806402423,25.2396899499482,24.876685619104833,4,0.36300433084336703
378.7981512707271,26.365224200897647,26.499043300108863,1,-0.13381909921121604
380.2345063402283,51.14779944809007,50.859811117945334,3,0.287988330144735
380.896733467172,24.526790099510887,24.15101928638396,4,0.37577081312692684
381.79864830491255,27.041947671237825,27.245079021092124,1,-0.20313134985429926
383.2342400234154,50.471605955135246,50.45786740397634,3,0.013738551158908763
383.89625533369104,23.704331094565454,23.435341033389747,4,0.2689900611757068
384.79914764391003,27.842781925945086,27.994368486957516,1,-0.1515865610124294
386.23396309714667,50.254872177816154,50.04003476970682,3,0.21483740810933227
386.8957849832477,23.08667515117625,22.731658614352305,4,0.3550165368239462
387.79964842498333,28.6062615810026,28.745634435004817,1,-0.1393728540022181
389.23367569376455,49.82589353250092,49.60651304281208,3,0.21938048968883805
389.895323859285,22.297792737022,22.042168001311463,4,0.255624735710537
390.80014985303785,29.352639912193588,29.50020630231278,1,-0.14756639011919148
392.23337795181953,49.348354095361394,49.15751140131606,3,0.1908426940453367
392.8948735397013,21.793558086267556,21.369269287189613,4,0.42428879907794226
393.8006511935674,30.040942237080852,30.25197921020892,1,-0.21103697312806702
395.2330700161941,48.91993652022819,48.69324856373277,3,0.22668795649541806
395.89443574672805,21.08129974373306,20.715581200085303,4,0.36571854364775547
396.80115176634035,30.86694411797396,31.00245138469795,1,-0.13550726672398739
398.2327520382422,48.539224348032874,48.21395300208644,3,0.32527134594643314
398.8940123550869,20.533656447539347,20.083952777600697,4,0.44970366993864985
399.8016509397758,31.510838061005327,31.750686571781678,1,-0.23984851077635128
401.2324241759449,47.93337877107163,47.71986318054049,3,0.2135155905311379
401.8936053971728,19.811125385827754,19.477470236522233,4,0.3336551493055211
402.8121497792874,32.33665477519611,32.49829050157827,1,-0.1616357263821584
404.2320865940857,47.40217149625377,47.21122782271037,3,0.19094367354340136
404.89321706363137,19.292953596505708,18.89945649366256,4,0.3934971028431491
405.8126444201627,33.15256872449394,33.23947947387735,1,-0.08691074938341359
407.22174063720865,46.865533952952966,46.690072718604604,3,0.17546123434836147
407.89284969729914,18.672084123447448,18.353460205448414,4,0.3186239179990338
408.8131360100307,33.866957367129935,33.97598106601102,1,-0.10902369888108865
410.2213841697106,46.39235433422466,46.15318128935644,3,0.23917304486822388
410.89250577813635,18.074896349960145,17.843230704384823,4,0.23166564557532254
411.81362406746183,34.50865057629456,34.70708045440889,1,-0.19842987811432522
413.2210185192583,45.69497231430454,45.60255427343006,3,0.09241804087448457
413.892187896596,17.57636778940478,17.37267499038321,4,0.2036927990215709
414.8141081398204,35.36623108243415,35.43210531457874,1,-0.0658742321445942
416.2206438800266,45.247037593811804,45.03848477048905,3,0.20855282332275493
416.8918987129968,17.28094257307218,16.94579321821186,4,0.33514935486032016
417.8145878005721,36.00474773533035,36.15042186226494,1,-0.14567412693459403
419.2202604542347,44.80292274957305,44.46127804314429,3,0.34164470642875955
419.8816417054225,16.766309108913767,16.567770631463983,4,0.1985384774497838
420.81506264690825,36.6948662612684,36.861431359949016,1,-0.1665650986806142
422.2198684525001,44.01645658461959,43.87323973211313,3,0.14321685250646254
422.8814177620591,16.344120622775865,16.23996464429479,4,0.10415597848107438
423.8155322976485,37.38132989801459,37.56456703333209,1,-0.18323713531749775
425.2194680942224,43.494178492705835,43.27076677184635,3,0.22341172085948813
425.8812302641234,16.180218109822952,15.967375779478528,4,0.212842330344424
426.8159963913896,38.01471481976068,38.259291348646876,1,-0.24457652888619918
428.21905960801985,42.90691268283964,42.65614981078617,3,0.25076287205347114
428.8810814342073,15.812628242250653,15.753266640144217,4,0.059361602106436706
429.8164545848696,38.817039764934954,38.9450936073525,1,-0.12805384241754325
431.2186432322212,42.46940786266471,42.029748704155956,3,0.4396591585087535
431.88097314719374,15.74193937139349,15.600354564826413,4,0.14158480656707795
432.8169065515225,39.33719184890466,39.621487819932405,1,-0.2842959710277455
434.21821921541783,41.72578755587559,41.39193885430687,3,0.33384870156871926
434.8809068334605,15.477846122726847,15.510669197859746,4,-0.032823075132899504
435.8173519801994,40.12394398554917,40.2880108251474,1,-0.16406683959823454
437.2177878170841,41.096860813520856,40.7431121595749,3,0.35374865394595645
437.88088339844853,15.398609509904635,15.485437134742769,4,-0.08682762483813455
438.8177905740372,40.81192063582514,40.944220625215685,1,-0.1322999893905461
440.2173493082761,40.353840733626036,40.083678082475664,3,0.27016265115037186
440.88090316874326,15.502878688243035,15.525008424236301,4,-0.022129735993265953
441.81822204945576,41.539688042772404,41.5896949110339,1,-0.05000686826149803
443.2169039724188,39.77093294634525,39.41406485311643,3,0.35686809322881885
443.8809658720409,15.60385798392239,15.62883506509666,4,-0.02497708117426889
444.8186461352697,42.16629526333374,42.22402975476072,1,-0.05773449142698439
446.2164521061933,39.05176846609065,38.734720825949964,3,0.31704764014068587
446.8810706538506,15.806940680893351,15.795504565308734,4,0.011436115584617212
447.81906257190013,42.70034890013111,42.846838449898364,1,-0.14648954976725292
449.2159940205379,38.376809778084755,38.0461160105625,3,0.33069376752225565
449.88121612855144,15.910423583092763,16.02282379587788,4,-0.1124002127851167
450.81947111067495,43.376309654278785,43.457750481472246,1,-0.08144082719346102
452.2155300417779,37.593254745234965,37.34874380011919,3,0.24451094511577764
452.88140045778704,16.176142008344986,16.307941719443726,4,-0.1317997110987399
453.8198715132071,43.99733108645909,44.0564106110622,1,-0.05907952460310639
455.2150605129029,36.95782520613142,36.643122924426905,3,0.31470228170451264
455.8816214462147,16.4724504781948,16.64749561122169,4,-0.17504513302688807
456.820263550842,44.46305467290845,44.64441019483588,1,-0.1813555219274292
458.2145857950097,36.17568830300515,35.92979965835964,3,0.24588864464551108
458.8818766438129,16.821500211696826,17.037764673025293,4,-0.21626446132846766
459.8206470041651,45.165754137779125,45.21751433596513,1,-0.051760198186002526
461.21410626893635,35.52831572142275,35.2093503206659,3,0.3189654007568521
461.88216344509414,17.190376801208494,17.474817033366826,4,-0.2844402321583317
462.82102166256385,45.62363635115017,45.77738379763292,1,-0.15374744648275396
464.21362233711045,34.800923838391654,34.48238410297221,3,0.31853973541944214
464.89248027582664,17.64485630912034,17.956306409021074,4,-0.31145009990073547
465.82138732384414,46.31036959983106,46.3237172010571,1,-0.013347601226037398
467.21313442564355,34.08217941606215,33.74954627413195,3,0.3326331419301951
467.89282235907723,18.11244156214954,18.47503656021536,4,-0.36259499806581985
468.8217437938751,46.82493534146865,46.856225175755846,1,-0.03128983428719323
470.2126429867037,33.365258597106994,33.01152181093329,3,0.3537367861737053
470.8931881021263,18.733028663570103,19.028662204667594,4,-0.29563354109749085
471.82209088628235,47.32893744958789,47.37462990382711,1,-0.04569245423922297
473.21214850120424,32.50737597169566,32.26903951253046,3,0.23833645916519686
473.8935750139956,19.34815240320665,19.613476721670526,4,-0.2653243184638754
474.83242953111716,47.766651934670485,47.880320511148916,1,-0.11366857647843176
476.20165314219525,31.909120342645046,31.525369083072412,3,0.3837512595726338
476.8939807390563,20.022544140871187,20.225981327485783,4,-0.20343718661459675
477.83275730612235,48.262675084890255,48.369680345343625,1,-0.10700526045337
479.20115414260323,31.123719670708358,30.776364784763157,3,0.3473548859452009
479.89440307298065,20.443086392776912,20.862906584196875,4,-0.4198201914199622
480.8330751877661,48.80885308574447,48.84416814361017,1,-0.035315057865702215
482.20065374217813,30.375907788883833,30.025398701039723,3,0.3505090878441095
482.8948399694728,21.14590087010867,21.521220664307155,4,-0.3753197941984858
483.8333830182424,49.208466883300595,49.30354868214765,1,-0.0950817988470547
485.20015257143467,29.54312024761974,29.27342789107382,3,0.26969235654592083
485.895289540173,21.704179876691708,22.198127897758393,4,-0.4939480210666858
486.8336806463871,49.58044106001051,49.74759664959746,1,-0.16715558958695453
488.1996513094266,28.898965925008422,28.523988743521485,3,0.37497718148693693
488.8957500497975,22.46051621259922,22.89106060344729,4,-0.4305443908480697
489.83396792752154,50.073532870631965,50.17609641696595,1,-0.10256354633398246
491.19915068935904,28.15655233497128,27.773178884152955,3,0.3833734508183255
491.89621990818154,23.318395901405335,23.59766661367434,4,-0.27927071226900324
492.83424472331285,50.513328016424275,50.588841832242586,1,-0.07551381581831151
494.19865150488965,27.411766509599236,27.024711246645147,3,0.3870552629540889
494.89669766050844,23.746873068250697,24.31579433195621,4,-0.5689212637055121
495.83451090164925,50.96605188324087,50.98563603708558,1,-0.019584153844704133
497.1981546171675,26.578339372842972,26.27989464976699,3,0.29844472307598124
497.8971819766711,24.74374871204442,25.04347667034258,4,-0.2997279582981598
498.8347663365289,51.26097874941324,51.36629130323852,1,-0.1053125538252786
