0.8149333926259625,51.53407052388497,51.61516911199965,1,-0.08109858811467774
1.134849574761615,51.51650426754421,51.37802283813347,2,0.1384814294107386
2.177328530393165,25.370171784254303,25.042144956474537,3,0.328026827779766
2.878006194519682,25.869526044871314,26.281245818814888,4,-0.41171977394357384
3.8151705314109297,51.83795216435499,51.96834315170945,1,-0.13039098735445975
4.134597812627333,51.070822386400586,50.99787912088106,2,0.07294326551952679
5.176842641787409,24.614399649973286,24.314478322177017,3,0.29992132779626957
5.878502379163115,26.537578659953258,27.02607031566576,4,-0.48849165571250097
6.815396618648176,52.14362067080663,52.30491938141459,1,-0.16129871060796575
7.134335271654483,50.70782101704411,50.60159069568,2,0.1062303213641087
8.176362933888322,23.9840626300475,23.59636972974821,3,0.3876929002992888
8.879001135355482,27.279820569957277,27.77454337094369,4,-0.49472280098641264
9.815611550033239,52.44658188702037,52.62474251555648,1,-0.17816062853610504
10.13406207596012,50.29513374596988,50.18934500552366,2,0.105788740446215
11.175890699851827,23.284123011309138,22.889786588077648,3,0.3943364232314899
11.87950157909156,28.149171814571574,28.525356363772296,4,-0.37618454920072253
12.815815226990875,52.750060867978064,52.92766583981734,1,-0.1776049718392727
13.13377835572208,49.82977612727145,49.76133861863291,2,0.0684375086385387
14.17542735415298,22.601820139785026,22.196880844211446,3,0.40493929557358044
14.880002896220288,28.748667309005857,29.27981077850853,4,-0.5311434695026733
15.816007556617139,53.141611047772386,53.213551126229945,1,-0.07194007845755834
16.13348424728544,49.4648000688757,49.31777739145266,2,0.14702267742303832
17.174974443348233,21.757922872643007,21.520005044961056,3,0.2379178276819509
17.880504335167256,29.670213881494792,30.031777289716135,4,-0.36156340822134325
18.81618845162788,53.42535553985239,53.48226855776567,1,-0.056913017913281294
19.133179893281866,48.94421195677417,48.858876651310275,2,0.08533530546389301
20.17453365620402,21.194405902635538,20.861727275961318,3,0.33267862667421966
20.881005200409014,30.235632068309574,30.782730652427887,4,-0.5470985841183129
21.816357830313013,53.63556740400812,53.73369666143495,1,-0.09812925742682665
22.132865442763368,48.538041908360874,48.384861401063446,2,0.15318050729742794
23.174106832339998,20.530224781924144,20.224843631218494,3,0.3053811507056494
23.881504846652884,31.151453743161596,31.531714402394474,4,-0.3802606592328779
24.81651561649596,53.879259412429704,53.96772224903885,1,-0.08846283660914622
25.132541051352163,48.08121150132867,47.895966548356064,2,0.18524495297260302
26.173695968214695,19.882699621724495,19.61238637174132,3,0.2703132499831753
26.88200267366232,31.96820287377348,32.2778384911595,4,-0.3096356173860215
27.81666173949779,54.159170315912036,54.184240364804765,1,-0.025070048892729346
28.132206881408578,47.58629794612899,47.392437162430014,2,0.1938607836989732
29.173303218908796,19.31406114086885,19.027625363742892,3,0.28643577712595913
29.892499768591026,32.62764657278497,33.02274026656064,4,-0.39509369377567083
30.816796134105502,54.378740937034735,54.38315423922385,1,-0.004413302189114177
31.121864265476354,46.97698561129793,46.87627871693706,2,0.10070689436086866
32.172930893765006,18.604460967833703,18.474059793281825,3,0.13040117455187783
32.892992303727745,33.322928273005395,33.760691458506734,4,-0.4377631855013391
33.82691912945764,54.46860809262554,54.56494963995472,1,-0.09634154732918176
34.131509891738226,46.57293997451674,46.34250763665206,2,0.2304323378646842
35.182580319839694,18.16849105913778,17.95373040720076,3,0.21476065193702
35.9034830686603,34.05320264144341,34.495878366817244,4,-0.4426757253738316
36.827029853805875,54.68777013037646,54.728337900234195,1,-0.0405677698577378
37.131147430673096,45.929263247068334,45.79665120986522,2,0.13261203720311698
38.182256402286775,17.658124349068164,17.4739816758667,3,0.18414267320146394
38.90396834047838,34.808796138372905,35.22272984890571,4,-0.4139337105328025
39.827128686500274,54.69369775976782,54.873880119418445,1,-0.18018235965062246
40.13077591201607,45.44736956382528,45.23724844200362,2,0.21012112182166476
41.18196058592514,17.228421405778988,17.03701080858105,3,0.19141059719793674
41.90444932171525,35.5849148396598,35.9430528724501,4,-0.35813803279030054
42.82721558396321,55.02259740340793,55.00151194248599,1,0.021085460921938193
43.130395535136856,44.847119268076334,44.66460028514094,2,0.1825189829353917
44.17169637664008,16.73797465712068,16.64804899134765,3,0.08992566577303052
44.90492560291634,36.21912910728281,36.65623888136394,4,-0.4371097740811294
45.82729050797467,55.218649862937326,55.11117704393424,1,0.10747281900308536
46.130006507673066,44.16140992390969,44.07902019199576,2,0.08238973191392773
47.17146463471804,16.3643539974994,16.30841545148363,3,0.05593854601577064
47.90539679683643,37.01031659077795,37.361712136883376,4,-0.35139554610542945
48.82735342565868,55.14539130510364,55.20282710835278,1,-0.05743580324914177
49.12960904590392,43.55602525111358,43.48284920567147,2,0.07317604544211065
50.171268805459526,16.20128803636728,16.023212479880637,3,0.1780755564866432
50.90586253652013,37.674978076621485,38.05892689505994,4,-0.38394881843845496
51.82740430947183,55.22165553448613,55.2764218142274,1,-0.05476627974126558
52.12920337516969,42.999612075117014,42.87243883031471,2,0.1271732448023073
53.17111117503809,15.90894066061777,15.795803459339758,3,0.11313720127801119
53.90632247360671,38.465645438973155,38.74736491366706,4,-0.281719474693908
54.827443137193924,55.28344774509075,55.331928820751074,1,-0.04848107566032667
55.128789730342945,42.438950344908086,42.25011674616499,2,0.1888335987430949
56.17099370463648,15.736823201579748,15.629040316085561,3,0.10778288549418669
56.90677627683189,38.959636580335584,39.426533248799025,4,-0.46689666846344124
57.82746989192041,55.36459243539948,55.369323757458716,1,-0.004731322059235765
58.12836835635818,41.84470224909831,41.61625281655163,2,0.22844943254668237
59.17091793148869,15.581802927624839,15.525117275685462,3,0.056685651939377024
59.907223630703086,39.705879398335405,40.09596230622712,4,-0.39008290789171696
60.82748456205672,55.48307610392071,55.38859021654101,1,0.09448588737969743
61.12793950880737,41.105275051640525,40.971233056156755,2,0.13404199548376994
62.170884883863195,15.412049018539532,15.48544808666154,3,-0.0733990681220078
62.9076642343271,40.38229007851255,40.75520411684185,4,-0.3729140383293057
63.82748714131426,55.27134214577823,55.38971974772954,1,-0.11837760195131608
64.12750345461033,40.50416563610227,40.315460655778374,2,0.18870498032389804
65.1708950204615,15.494501981933764,15.510582097832147,3,-0.016080115898382985
65.90809780037195,40.93831447974634,41.40383080928684,4,-0.46551632954049893
66.83747757678248,55.42078048463461,55.372624839021825,1,0.04815564561278762
67.13705898490115,39.71109839996951,39.64712000245212,2,0.06397839751738843
68.18094845100062,15.630901370893831,15.600575894091513,3,0.030325476802318008
68.91852546246831,41.686443066310055,42.04353972075305,4,-0.3570966544429979
69.83745593635206,55.34735680630526,55.337426571311944,1,0.009930234993312581
70.13660934573707,39.16431194255722,38.97109431090052,2,0.19321763165670092
71.18104408955786,15.689028798479812,15.753601399915716,3,-0.06457260143590382
71.91894411543024,42.32844896994496,42.669687649182215,4,-0.34123867923725726
72.837422218039,55.21114393575486,55.2841138210034,1,-0.07296988524853987
73.1361533777381,38.39274946817444,38.285642481638305,2,0.10710698653613804
74.1811807673066,15.903936384511216,15.967819609547059,3,-0.06388322503584298
74.91935494067066,42.800677963821855,43.284043417445844,4,-0.4833654536239891
75.83737643678965,55.139529275067034,55.212709993036555,1,-0.07318071796952097
76.13569140176111,37.789087021516174,37.59124959951732,2,0.19783742199885523
77.18135673758444,16.20716340582358,16.240512057153946,3,-0.033348651330367574
77.91975769691659,43.55024830035458,43.88624749979175,4,-0.33599919943716827
78.83731861286128,55.119842753416954,55.12324646162186,1,-0.0034037082049067635
79.1352237548667,36.99470579638394,36.88842538229907,2,0.10628041408487121
80.1815698747742,16.366405054441575,16.568415286227832,3,-0.20201023178625732
80.92015215277918,44.31573333645057,44.47789947845379,4,-0.16216614200322255
81.83724877182817,55.06255297737986,55.01576258027338,1,0.046790397106477144
82.13475079170247,36.37905742829049,36.177706296895344,2,0.2013511313951426
83.18181777606343,16.76447669811228,16.947874148341054,3,-0.18339745022877452
83.92053808624544,44.72772929601627,45.05473631242682,4,-0.32700701641054764
84.83716694458964,54.988969033759375,54.89030569464658,1,0.09866333911279668
85.13427288606783,35.68243217675911,35.45965795334528,2,0.22277422341382902
86.18209786205391,17.120242645757546,17.37499127839582,3,-0.2547486326382753
86.92091528422226,45.35155286912021,45.61842705320008,4,-0.2668741840798674
87.83707316737986,54.795569423274735,54.74693115835876,1,0.04863826491597223
88.13379043268499,34.88550877008988,34.73487781462234,2,0.15063095546754113
89.19240854678381,17.53271724730353,17.847399387197477,3,-0.31468213989394656
89.9212835421438,45.86117275669858,46.168666791685624,4,-0.30749403498704453
90.83696748177992,54.64198680767358,54.58570235201082,1,0.05628445566276241
91.13330384920448,34.14076012045346,34.003998265510766,2,0.13676185494269077
92.19274508690054,18.221605929568067,18.357948670900885,3,-0.1363427413328182
92.92164266360277,46.33974153396997,46.70516276751981,4,-0.3654212335498386
93.83684993473223,54.490940337183616,54.40669070567154,1,0.08424963151207976
94.1328135784773,33.41148116126449,33.267690089476105,2,0.14379107178838524
95.19310584972324,18.68286539568269,18.90423218523265,3,-0.22136678954996114
95.92199246003322,46.90512433308804,47.2276338981304,4,-0.3225095650423597
96.83672057855718,54.2623747051443,54.20997572513104,1,0.05239898001326537
97.13232009112943,32.6317352757243,32.52666640864497,2,0.10506886707933205
98.19348831779395,19.291014877720155,19.48250214780801,3,-0.1914872700878547
98.92233275042545,47.45522417506369,47.73581035876549,4,-0.2805861837018
99.8365794709727,54.159961522294864,53.99564502227867,1,0.16431650001619147
101.19389010400977,19.788049460749583,20.089211735102346,3,-0.30116227435276244
101.93266444673215,47.85489270125795,48.23105400020907,4,-0.37616129895111783
102.83642667511677,53.769674612425604,53.76379435001347,1,0.00588026241213413
104.19430896994321,20.458700566982973,20.721040010170142,3,-0.2623394431871695
104.9329851779058,48.471908140663054,48.7098251011377,4,-0.23791696047464939
105.83626225957316,53.604022082253856,53.514527642152395,1,0.08949444010146124
107.19474283438396,21.082121393640424,21.37490277943205,3,-0.29278138579162416
107.93329590241615,48.86103691419051,49.17355527854519,4,-0.3125183643546805
108.83608629840084,53.17202244123671,53.24795705886441,1,-0.07593461762769493
110.19518977455321,21.861792406975507,22.047952997090658,3,-0.18616059011515063
110.93359646721376,49.41747556361432,49.622016407161155,4,-0.20454084354683744
111.83589887116734,52.99257174995943,52.96420303822678,1,0.02836871173265365
113.19564802213328,22.525850282580958,22.73757384482022,3,-0.2117235622392606
113.93388672577774,49.84320500873024,50.05499010731973,4,-0.21178509858949468
114.83570006298675,52.72141219203601,52.66339435457619,1,0.05801783745982192
116.19611595586811,23.058586805745765,23.441367025855573,3,-0.38278022010980806
116.93416653797134,50.21755932094328,50.4722675327881,4,-0.2547082118448216
117.83548996456236,52.35724537921373,52.34566818441038,1,0.011577194803351176
119.19659209209904,23.893656517448196,24.157138233473493,3,-0.26348171602529646
119.93443576991325,50.65748647033325,50.87364918138357,4,-0.21616271105032325
120.83526867223517,52.038781837578355,52.01117018068955,1,0.02761165688880851
122.19707507425093,24.568330232111137,24.88288124106134,3,-0.31455100895020394
122.93469429386262,51.06595577696118,51.25894472596308,4,-0.19298894900190078
123.8350362880383,51.63197849794216,51.660054556489555,1,-0.028076058547398475
125.19756366199076,25.410766233061242,25.616761637057014,3,-0.20599540399577165
125.93494198811639,51.451026193244225,51.6279728636359,4,-0.176946670391672
126.83479291975821,51.46756241979728,51.29248417907511,1,0.17507824072217204
128.19805672054966,25.970675501147856,26.35710089476866,3,-0.3864253936208044
128.93517873691778,51.846479055202764,51.98056118128587,4,-0.13408212608310777
129.83453868100375,50.8168098311885,50.908630675589265,1,-0.09182084440076466
131.19855321052393,26.783035967760974,27.102361215353127,3,-0.31932524759215397
131.9354044303747,52.204908168467206,52.3165460356989,4,-0.11163786723169267
132.8342736912835,50.614650803394575,50.50867455170123,1,0.1059762516933418
134.19905217834108,27.514069006036568,27.85113139859076,3,-0.33706239255419135
134.93561896438683,52.34822467490822,52.63577244677545,4,-0.28754777186723146
135.83399807609263,50.17415590047412,50.09280532471662,1,0.08135057575749727
137.19955274748574,28.28914928338669,28.602113866480543,3,-0.312964583093855
137.93582224058102,52.75062902320671,52.93809400247326,4,-0.1874649792665437
138.83371196701043,49.87500033715079,49.66122167283734,1,0.21377866431344472
140.20005411051795,29.075233910536657,29.356619982455225,3,-0.28138607191856835
140.93601416625333,53.06584200217188,53.22337277427079,4,-0.15753077209891586
141.83341550180953,49.37436189605348,49.214131602465066,1,0.16023029358841256
143.20055552187424,29.787634288845688,30.108528961773548,3,-0.3208946729278601
143.93619465431806,53.34407609321177,53.49147924207305,4,-0.14740314886127948
144.83310882457852,48.881149979300275,48.751752635675246,1,0.12939734362502975
146.20105629141617,30.46762113584836,30.85932385851477,3,-0.39170272266640893
146.93636362326197,53.5585952111896,53.74229222759739,4,-0.18369701640779112
147.83279208585907,48.2291146688026,48.27431202025283,1,-0.045197351450227075
149.20155577867922,31.18358052641473,31.60805532470501,3,-0.4244747982902801
149.93652099710394,53.89602896844601,53.97569883538178,4,-0.07966986693576672
150.83246544279993,47.8549950276232,47.78204696497967,1,0.07294806264352616
152.2020533877605,31.989007108530036,32.35383970082988,3,-0.36483259229984455
152.93666670535939,54.07523288851301,54.191594400651574,4,-0.11636151213856749
153.8321290593291,47.41433561583335,47.27520490320348,1,0.1391307126298713
155.21255020871178,32.78568056848652,33.09831854454446,3,-0.3126379760579425
155.93680068300858,54.27967046709629,54.38988244336528,4,-0.11021197626899237
156.8217842752248,46.923255579353864,46.75580448324831,1,0.16745109610555176
157.1129397310448,18.59029961460281,18.48724481349747,2,0.10305480110534049
158.2130424191604,33.560279306862846,33.835771585549324,3,-0.2754922786864782
158.93692287046892,54.577618121605724,54.5704746278364,4,0.007143493769326881
159.82142896182137,46.320779187345835,46.22063949400969,1,0.10013969333614625
160.1125896846353,18.12718913157767,17.967679155332355,2,0.15950997624531382
161.21353118676964,34.257351286820594,34.56795547756905,3,-0.3106041907484567
161.93703321357052,54.68808612689898,54.733290727397495,4,-0.045204600498514935
162.82106444188526,45.85835086231049,45.671703327975145,1,0.18664753433534287
163.11226501730445,17.640800623769017,17.48679529959057,2,0.1540053241784456
164.2140160536252,34.87654075106033,35.29419010363342,3,-0.4176493525730862
164.93713166353507,54.72557502356927,54.87825859363586,4,-0.15268357006659272
165.82069090861376,45.20193232935929,45.109287607743155,1,0.09264472161613213
167.21449658840234,35.690309446648946,36.013834605044934,3,-0.32352515839598794
167.93721817695726,55.0153984812833,55.005314129787784,4,0.010084351495514454
168.82030856320847,44.682749686052965,44.53369605716544,1,0.14905362888752194
170.21497238393297,36.45108830135865,36.72628380351486,3,-0.27519550215620825
170.93729271578894,55.144877360654796,55.114401267931584,4,0.03047609272321239
171.81991761522315,44.013117330744144,43.94722752774215,1,0.0658898030019941
172.10147055939163,16.420464249735414,16.317162928378025,2,0.10330132135738879
173.21544305505782,37.11141651830288,37.43096504335578,3,-0.31954852505290177
173.9373552473256,55.14970257481433,55.20547194966863,4,-0.055769374854300224
174.8195182829437,43.49772586014903,43.346287773266475,1,0.1514380868825569
175.1012736927014,16.14820887596871,16.030394930368352,2,0.11781394560035707
176.21590823673046,37.722370039348625,38.12733540343075,3,-0.40496536408212336
176.93740574419493,55.27810200395968,55.27848611002713,4,-0.0003841060674503183
177.81911079381737,42.8660637823546,42.73316035148509,1,0.1329034308695114
178.10111496560455,15.907621488898391,15.80133333743189,2,0.10628815146650084
179.2163675823428,38.421760591868164,38.8148792343639,3,-0.393118642495736
179.9374441843476,55.319206796048725,55.333411664366594,4,-0.014204868317868602
180.81869538493785,42.141226841655474,42.10820324691298,1,0.03302359474249528
181.10099634990135,15.777534035000356,15.63284638632398,2,0.14468764867637596
182.21682076224494,39.19543436769623,39.493105981788204,3,-0.29767161409197485
182.93747055104973,55.40520550580316,55.370224498100534,4,0.03498100770262624
183.8182723035891,41.64691704628939,41.471789880930665,1,0.17512716535872386
184.10091939603933,15.566030985121818,15.527148448287676,2,0.038882536834142556
185.21726746243638,39.85028875360839,40.161548261138755,3,-0.3112595075303659
185.93748483287723,55.502629422487104,55.38890845909446,4,0.11372096339264459
186.817841807857,40.888066972556274,40.82431004682353,1,0.06375692573274705
187.10088514754116,15.544139111742899,15.485676379187433,2,0.058462732555465635
188.21770738340783,40.50677024364977,40.819760153714675,3,-0.31298991006490695
188.93748702371187,55.345989135896616,55.38945535263222,4,-0.04346621673560236
189.8174041673178,40.08258811080252,40.16617096232838,1,-0.0835828515258612
190.10089407958142,15.538648777795057,15.50900433326852,2,0.029644444526537583
191.21814023911526,41.13449796712222,41.46731569746372,3,-0.3328177303414961
191.9374771227391,55.345144685570226,55.37186493887998,4,-0.026720253309754582
192.81695966381363,39.64967679640721,39.49779845530835,1,0.15187834109886467
193.1009460699768,15.491345229987433,15.59680862040607,2,-0.10546339041863817
194.21856575607075,41.78068551856806,42.10380754922991,3,-0.32312203066184964
194.93745513444733,55.339308117529,55.33614493281226,4,0.003163184716740375
195.81650859232664,38.96169920943428,38.81963830038487,1,0.1420609090494125
196.10104040669208,15.64579531296137,15.747887596301531,2,-0.10209228334016096
197.21898367253627,42.58230588120267,42.728845798091236,3,-0.14653991688856394
197.93742106862902,55.34664668333106,55.28231100659869,4,0.0643356767323695
198.81605126196501,38.20091233928219,38.13215772688149,1,0.0687546124007028
199.1011758307882,15.892153947023536,15.960233746721478,2,-0.06807979969794253
200.21939373780774,43.09728141540457,43.342056911941704,3,-0.24477549653713737
200.9373749403833,55.25907683211964,55.21038679448548,4,0.048690037634159467
201.8155879970761,37.721068951997786,37.435847121317096,1,0.2852218306806904
202.1013506088328,16.192571606767565,16.231148007492735,2,-0.038576400725169435
203.21979571157925,43.63879905127575,43.943082801682685,3,-0.3042837504069382
203.93731677012045,55.185640681870055,55.12040390023994,4,0.06523678163011226
204.815119138504,36.91153221594349,36.73122195097063,1,0.18031026497286007
205.10156262533437,16.429343782714163,16.55738163042764,2,-0.12803784771347537
206.22018936337795,44.23646781929083,44.53352032402812,3,-0.2970525047372874
206.9372465835679,55.100062586335355,55.012401907262635,4,0.08766067907271946
207.81464504501128,36.22487906309518,36.01882493876621,1,0.20605412432897197
208.10180948440282,16.76395824450773,16.935289379964885,2,-0.17133113545715517
209.2205744720612,44.90406066680262,45.10911580536242,3,-0.20505513855979984
209.93716441177844,54.92532842210805,54.886428391508296,4,0.03890003059975555
210.81416609488716,35.40595195073662,35.299228523939405,1,0.1067234267972168
211.10208861054113,17.392892529043056,17.360979317371342,2,0.03191321167171424
212.22095082536592,45.43281033970562,45.67153554992573,3,-0.23872521022011028
212.93707029113995,54.88729181990133,54.74253893739522,4,0.1447528825061113
213.81368268776833,34.70235362894517,34.573037647673885,1,0.12931598127128296
214.11239842126622,17.610300680651864,17.83208155415942,2,-0.22178087350755504
215.22131821952047,45.979438336685206,46.22047583013697,3,-0.2410374934517634
215.93696426338767,54.733520144237914,54.58079715692277,4,0.1527229873151441
216.81319524670073,33.886051231645176,33.84089290816522,1,0.045158323479952855
217.11273416766514,18.240464731687798,18.341453328566093,2,-0.10098859687829531
218.22167645887913,46.52037797612811,46.755645019817216,3,-0.235267043689106
218.9368463756186,54.48265005886639,54.401274712259756,4,0.08137534660663448
219.81270422047564,33.131397135489934,33.10347413536946,1,0.027923000120473773
220.11309421697425,18.735907448303266,18.886679128987595,2,-0.1507716806843291
221.22202535560905,47.041754101594464,47.276763128384864,3,-0.2350090267904008
221.93671668030817,54.363309018950396,54.20405134211134,4,0.15925767683905434
222.81221008627693,32.57468381736437,32.36150444198834,1,0.21317937537602916
223.11347604804314,19.201234676474154,19.464005487064163,2,-0.26277081059000906
224.2323658445343,47.529909131113506,47.785226476018025,3,-0.25531734490451896
224.93657523533005,54.12842705098203,53.98921489222148,4,0.13921215876055015
225.801715012187,31.786916792752656,31.618246029518286,1,0.16867076323437047
226.11387727230115,20.03497424077401,20.069878846880798,2,-0.034904606106788805
227.2326954897776,48.04417609238466,48.27739794871488,3,-0.23322185633021775
227.93642210397866,54.01010010487045,53.756861350420465,4,0.25323875444998833
228.8012162284701,31.02641583838522,30.869548946559224,1,0.15686689182599522
229.11429564020187,20.467764768853584,20.700970993581702,2,-0.23320622472811792
230.2330152725555,48.6538317710757,48.75474343974832,3,-0.10091166867261592
230.93625735499492,53.638624470811706,53.50709488668453,4,0.13152958412717908
231.80071596871997,30.271386280721032,30.118775958475997,1,0.15261032224503523
232.1147290689373,21.118998604067787,21.354190292570348,2,-0.23519168850256023
233.23332503377458,48.97960785098764,49.21702580453756,3,-0.23741795354992234
233.9360810625959,53.35163583588293,53.24002789873749,4,0.11160793714544326
234.80021485778104,29.53799369784913,29.366875469031235,1,0.17111822881789607
235.1151756308285,21.702909035137587,22.026682369932733,2,-0.3237733347951455
236.23362462101537,49.41101063566686,49.66401785791518,3,-0.2530072222483142
236.93589330650826,53.00228240736566,52.95578106379291,4,0.04650134357274993
237.79971356838448,28.816952371200838,28.617374652761423,1,0.1995777184394143
238.11563355439938,22.49628882927785,22.715823379239772,2,-0.2195345499619208
239.23391388837229,49.93770794289882,50.09550213900953,3,-0.15779419611071432
239.93569417200635,52.8498297929074,52.65448339711156,4,0.19534639579583768
240.79921282667925,27.99927639075623,27.866359981144708,1,0.1329164096115214
241.11610121060423,23.131754695397113,23.419208412492303,2,-0.28745371709518963
242.23419269631108,50.29136337711829,50.51127070136095,3,-0.21990732424266213
242.93548374995507,52.54154828204046,52.336272318132536,4,0.2052759639079227
243.79871341844466,27.329090301720182,27.1175323434256,1,0.21155795829458057
244.11657711347826,23.87599576174459,24.13463703246712,2,-0.25864127072252785
245.23446091154128,50.73503116162396,50.911124925583216,3,-0.17609376395925835
245.9352621368585,52.17890928779988,52.00129372503002,4,0.17761556276986568
246.79821619603533,26.48160758275396,26.372187136952505,1,0.10942044580145449
247.1170599026573,24.65347976031931,24.86009738837181,2,-0.2066176280524985
248.23471840690266,51.220740552985646,51.29487535218156,3,-0.07413479919591737
248.9350294349145,51.744793205451536,51.649702078651046,4,0.09509112680049014
249.79772208609953,25.81360058008207,25.631733130158423,1,0.18186744992364723
250.11754833435685,25.26110622276685,25.59374994992619,2,-0.3326437271593399
251.23496506126352,51.51571727145983,51.66234153240112,3,-0.14662426094129444
251.93478575207612,51.51948695603717,51.28166049690557,4,0.23782645913159683
252.79723209809052,25.066502307710017,24.897705414941495,1,0.1687968927685226
253.1180412706833,26.161099750455335,26.333911558984457,2,-0.17281180852912215
254.23520075943028,51.77255034776234,52.013351895214065,3,-0.24080154745172422
254.93453120212098,51.05048071141357,50.89734086080963,4,0.1531398506039423
255.79674733355424,24.309763414898086,24.171779513369103,1,0.1379839015289832
256.1185376694163,27.014760224104272,27.079040243730198,2,-0.06428001962592589
257.2354253920667,52.19116323294956,52.34774362875874,3,-0.15658039580917915
257.93426590472865,50.66186012747937,50.49692393352761,4,0.1649361939517604
258.7962689961224,23.615343852563957,23.45578651584603,1,0.1595573367179277
259.11903657445185,27.62529772649525,27.82772105492594,2,-0.20242332843069022
260.2356388556219,52.5794740281742,52.665362574728135,3,-0.08588854655393874
260.9339899855681,50.148837010631055,50.080599493922904,4,0.0682375167081517
261.7957984020591,22.823342467102876,22.751728999231272,1,0.07161346787160383
262.1195371070043,28.317288411577618,28.578653052601226,2,-0.2613646410236079
263.23584105226615,52.7385847759433,52.966063134366806,3,-0.22747835842350383
263.9337035763953,49.95975677581548,49.64856648630969,4,0.3111902895057881
264.7953369910926,22.181753445110417,22.06179729098195,1,0.11995615412846661
265.1200384575995,29.02594761433832,29.333144596545125,2,-0.30719698220680414
266.236031889834,53.115455529492316,53.24970818488027,3,-0.13425265538795372
266.933406815163,49.46107862261186,49.20103318830617,4,0.26004543430568816
267.7948863371067,21.67283527088458,21.388385395195566,1,0.28444987568901325
268.1205398788518,29.86275932297116,30.08507229412026,2,-0.22231297114909765
269.2362112817736,53.41623550895452,53.516169005190115,3,-0.09993349623559311
269.9330998461435,49.07630911020369,48.73821739892336,4,0.33809171128032744
270.79444815805294,20.8419649272969,20.734105564916188,1,0.10785936238071159
271.12104067899116,30.670680613793063,30.835916676602487,2,-0.1652360628094236
272.2363791471013,53.62978752260623,53.76532521008287,3,-0.13553768747664208
272.93278282006645,48.655906913923005,48.26034664928857,4,0.39556026463443317
273.79402432417277,20.158412293096873,20.101800083032643,1,0.05661221006423034
274.1215402160894,31.518658111497093,31.584726229408126,2,-0.0660681179110334
275.2365354103622,53.94044624139373,53.99706469190455,3,-0.05661845051081826
275.93245589427323,48.042547102398956,47.767658438702924,4,0.27488866369603215
276.7936168632875,19.701686255059744,19.494548302969253,1,0.20713795209049124
277.12203789292954,32.185669022025635,32.33061534775676,2,-0.14494632573112654
278.23668000159466,54.08811376899128,54.211283569045236,3,-0.12316980005395806
278.9321192328898,47.4516875550705,47.26040049907307,4,0.191287055997428
279.7932279615345,19.089845455586474,18.915666422160825,1,0.17417903342564856
280.1325347982689,32.93888154330127,33.075224311954585,2,-0.1363427686533143
281.2368128562991,54.415428044156506,54.40788614054213,3,0.007541903614374235
281.9217741767992,47.031804156090026,46.74059313431739,4,0.29121102177263225
282.7928599575305,18.440662656909648,18.368696872104554,1,0.0719657848050943
283.13302710888,33.66758144060167,33.81283040679734,2,-0.14524896619566618
284.23693391541053,54.534318807302284,54.58678484620459,3,-0.052466038902302614
284.9214185957264,46.458674846230934,46.20502772805107,4,0.2536471181798632
285.792515327599,17.932790925097724,17.857383714421644,1,0.07540721067607947
286.13351599137064,34.417605741646405,34.54518925489823,2,-0.12758351325182815
287.23704312527474,54.67118085501715,54.74790023173399,3,-0.07671937671684503
287.9210538135736,45.92644101419477,45.65569937552494,4,0.2707416386698327
288.7921966595078,17.467104346991245,17.385630201468807,1,0.08147414552243859
289.13400098695683,35.00504040072065,35.27161945135554,2,-0.2665790506348884
290.2371404376269,54.78854147379581,54.89116091837333,3,-0.10261944457752037
290.9206800237643,45.351898976976656,45.09290004094359,4,0.25899893603306623
291.78190752859274,17.020078159509705,16.958785443336783,1,0.06129271617292176
292.13448166291334,35.782523409102396,35.99147896857106,2,-0.20895555946866295
293.2372258095738,54.97834537740168,55.01650357667881,3,-0.03815819927712738
293.92029742773525,44.754375283268246,44.516933803981715,4,0.23744147928653092
294.7816486677957,16.61714217207685,16.577989405447898,1,0.03915276662895195
295.1349576125306,36.387605167980574,36.70416156439841,2,-0.3165563964178375
296.23729920357783,54.997874968355944,55.12387290405851,3,-0.12599793570256423
296.91990623528636,44.21444687107131,43.93010108999567,4,0.28434578107564334
297.7814237108493,16.355898779190667,16.248646426823292,1,0.10725235236737518
298.13542844943265,37.23404290134687,37.409093612016925,2,-0.17505071067005673
299.237360587444,55.13485119128784,55.21322160577176,3,-0.07837041448392057
299.9195066649608,43.67761615123348,43.32880560532761,4,0.34881054590587013
300.7812351312238,16.02096787642988,15.974420103113214,1,0.046547773316664376
301.1358938079731,37.92181552890061,38.10573130104161,2,-0.18391577214099897
302.2374099343085,55.26420966906475,55.284510379128385,3,-0.020300710063636984
302.9190989444766,43.0446551680934,42.715332551162305,4,0.3293226169310941
303.78108516000657,15.797251056117448,15.758586478342917,1,0.03866457777453114
304.13635334099314,38.54494170532971,38.79355816520077,2,-0.24861645987105874
305.2374472226296,55.30912794399888,55.337707900669265,3,-0.028579956670384377
305.9186833112129,42.38652181446127,42.090040344327,4,0.2964814701342675
306.78097568349546,15.723320320198747,15.603880669555775,1,0.11943965064297224
307.1368067183355,39.13438360589394,39.47208289720082,2,-0.33769929130688325
308.23747243618055,55.355107881662256,55.372790816150165,3,-0.017682934487908142
308.91826001275564,41.84950752846275,41.45330286391987,4,0.3962046645428785
309.7809081460933,15.577902761275139,15.512353898898693,1,0.06554886237644553
310.13725362553055,39.929441928601506,40.140837416146674,2,-0.21139548754516824
311.23748556404377,55.407393871280384,55.389743733188844,3,0.017650138091539702
311.9178293075115,41.244320807048105,40.805510389532174,4,0.4388104175159313
312.780883469255,15.45966736259638,15.48525713821298,1,-0.025589775616600363
313.1376937626338,40.55919701772818,40.799375157117126,2,-0.24017813938894506
314.2374866006075,55.35460353749544,55.388559216472316,3,-0.03395567897687357
314.9173914653986,40.43904132097538,40.14707065739896,4,0.2919706635764143
315.78090199668435,15.511908730468233,15.522966235178304,1,-0.011057504710070276
316.1381268431962,41.18701085123153,41.4472695562394,2,-0.26025870500787107
317.23747554556326,55.3757022180222,55.36923778545687,3,0.006464432565330469
317.91694676862465,39.80010927824088,39.47841005015933,4,0.32169922808154894
318.78096347326056,15.555080236395494,15.624958832737846,1,-0.0698785963423525
319.13855259335145,41.995827027752185,42.084112707907245,2,-0.08828568015506022
320.2374524039058,55.3513659245676,55.3317879145284,3,0.01957801003920423
320.91649551256404,39.19410045750866,38.799974938122624,4,0.3941255193860371
321.7810670606911,15.680289508866505,15.789846373263053,1,-0.10955686439654855
322.13897075100675,42.506087866219175,42.70951417368487,2,-0.20342630746569768
323.2374171859339,55.199484466725316,55.27622603562541,3,-0.07674156890009698
323.91603800674744,38.5075809244847,38.11223319247334,4,0.3953477320113592
324.78121138765874,16.070633592960313,16.01545663750834,1,0.05517695545197299
325.13938106512427,43.218763787019526,43.323099924977434,2,-0.10433613795790819
326.2373699072535,55.29769478310862,55.20257654336159,3,0.09511823974703049
326.9155745759789,37.918602940570594,37.41567589374112,4,0.5029270468294769
327.7813946275595,16.060165520036584,16.298955557779372,1,-0.23879003774278829
328.13978329508313,43.888976218614324,43.92451140376805,2,-0.035535185153726445
329.23731058878207,55.14642249858421,55.110871802719814,3,0.0355506958643943
329.91510556159756,37.073962711855906,36.710819262158594,4,0.3631434496973114
330.7816145939041,16.643334511901557,16.636992991658982,1,0.0063415202425751716
331.140177210112,44.42539207952868,44.5153463597836,2,-0.08995428025492203
332.2372392567551,55.026509921733904,55.00115215942581,3,0.025357762308097165
332.91463132290465,36.28965617953613,35.99820684027057,4,0.2914493392655615
333.7818688425814,17.003137095771667,17.025856334332136,1,-0.022719238560469535
334.1405625887846,44.912133734715646,45.09134805492783,2,-0.1792143202121821
335.2371559427341,54.9770605797894,54.873465953145946,3,0.10359462664345642
335.91415223877755,35.70521414064595,35.27841196238372,4,0.42680217826222844
336.7921557743686,17.342970530055943,17.46314435864093,1,-0.12017382858498493
337.1409392196621,45.5056665751655,45.654183693449525,2,-0.14851711828402614
338.2370606836168,54.847855996818275,54.72786953369267,3,0.11998646312560624
338.9136687094967,34.87149559552738,34.55204055019035,4,0.31945504533702973
339.7924708040298,17.798593965594836,17.941928303904778,1,-0.14333433830994124
340.14130689654814,45.97899879854041,46.20354916196556,2,-0.224550363425152
341.23695352164964,54.69306882810256,54.564427280461345,3,0.12864154764121594
341.9131811588151,34.21582736468164,33.81973427918256,4,0.39609308549907496
342.79281216810347,18.34622471385062,18.459597167520887,1,-0.11337245367026583
343.14166542461874,46.6760821317305,46.73915246391126,2,-0.0630703321807573
344.23683450444224,54.41698975849515,54.383211625365256,3,0.03377813312989275
344.912690036303,33.579568854749574,33.082174166289,4,0.4973946884605738
345.7931772654454,18.90952862682465,19.012270970101294,1,-0.10274234327664544
346.142014615802,47.17510984466114,47.26071325206516,2,-0.08560340740402239
347.2367036849845,54.29112559439245,54.18430307958106,3,0.10682251481138394
347.912195820004,32.815465438287504,32.340084635473744,4,0.47538080281375983
348.7935636015291,19.45485352099153,19.596237587767796,1,-0.14138406677626492
349.15235540453443,47.465472188985295,47.769629018610225,2,-0.3041568296249295
350.2365611216664,53.97931434024164,53.96779026446655,3,0.011524075775092513
350.91169901944664,32.00355699357127,31.594238124728623,4,0.4093188688426501
351.7939688165557,20.153058453734523,20.207991880155657,1,-0.05493342642113319
352.15268535503003,48.15390990002627,48.26225930908985,2,-0.10834940906357815
353.23640687830107,53.77287022636566,53.733769947065454,3,0.03910027930020732
353.90120184461074,31.270867194777672,30.84796013931909,4,0.42290705545858387
354.79439070170946,20.83851264621907,20.844257636617,1,-0.005744990397932526
355.153005448131,48.695163884460996,48.74007118266906,2,-0.04490729820806649
356.2362410241509,53.528269096286515,53.48234708067224,3,0.04592201561427345
356.9007015514038,30.534017385593888,30.097141102150214,4,0.4368762834436737
357.7948272061189,21.461012195428975,21.501996170645157,1,-0.040983975216182245
358.15331552453307,49.0949158784605,49.202827179833335,2,-0.10791130137283744
359.2360636339573,53.34617651268232,53.213634850992825,3,0.1325416616894941
359.9002004256804,29.722526604251893,29.345222910818933,4,0.37730369343296033
360.79527643692694,22.09193863673005,22.178405101881378,1,-0.08646646515132872
361.1536154316113,49.632417559105086,49.65029980825795,2,-0.017882249152862073
362.2358747879748,53.22465046914654,52.92775472850696,3,0.29689574063957735
362.899699141629,29.0253701796621,28.595734868447323,4,0.4296353112147777
363.7957366545429,22.765754670371262,22.8709103444389,1,-0.10515567406763893
364.1539050232591,50.08537423022798,50.08227130685617,2,0.0031029233718058435
365.2356745720095,52.775573036399045,52.62483652771447,3,0.15073650868457378
365.899198427025,28.194282884861416,27.844766007861804,4,0.349516876999612
366.79620626475463,23.417676294964284,23.577153727038702,1,-0.1594774320744179
367.1541841597456,50.40969325783178,50.498533435149966,2,-0.08884017731818261
368.23546307746227,52.56691365836709,52.30501847403233,3,0.26189518433476167
368.89869906946365,27.545032276424546,27.09601999935147,4,0.4490122770730771
369.79668380899545,24.07041914206586,24.294978100852678,1,-0.22455895878681886
370.1544527075875,50.925259043175856,50.89888728526555,2,0.02637175791030444
371.2352404013784,52.160606115636284,51.96844727920391,3,0.19215883643237675
371.89820192332655,26.866540787107215,26.350795333885166,4,0.5157454532220491
372.7971679537199,24.842397248405966,25.022411294184604,1,-0.18001404577863767
373.154710539435,51.1748337220702,51.28314311415551,2,-0.10830939208531021
374.2350066465022,51.7682495251431,51.615278226186234,3,0.15297129895686368
374.8977079175231,26.0222607390106,25.610504229772058,4,0.41175650923854334
375.79765747956156,25.58128202170668,25.757649866824256,1,-0.17636784511757497
376.1549575339697,51.587184959521984,51.651120193914466,2,-0.06393523439248128
377.23476192133967,51.38966386515256,51.24567526459847,3,0.14398860055409557
377.89721806402423,25.219422388249214,24.876685619104833,4,0.34273676914438056
378.7981512707271,26.31412570911664,26.499043300108863,1,-0.18491759099222094
379.1551935758142,51.98182926562242,52.00264667828875,2,-0.020817412666325197
380.2345063402283,50.9800032450362,50.859811117945334,3,0.12019212709086702
380.896733467172,24.532381630856992,24.15101928638396,4,0.3813623444730325
381.79864830491255,27.053716993448063,27.245079021092124,1,-0.19136202764406107
382.15541855545075,52.16668402210389,52.33755948368827,2,-0.17087546158438016
383.2342400234154,50.77738777220075,50.45786740397634,3,0.3195203682244099
383.89625533369104,23.713972270573695,23.435341033389747,4,0.2786312371839479
384.79914764391003,27.738617337501502,27.994368486957516,1,-0.25575114945601385
385.1556323691489,52.65362837953176,52.655704183191816,2,-0.002075803660055442
386.23396309714667,50.37644690541093,50.04003476970682,3,0.33641213570410855
386.8957849832477,23.007718962373875,22.731658614352305,4,0.27606034802157
387.79964842498333,28.665478071859184,28.745634435004817,1,-0.08015636314563324
388.15583491890146,52.9148998184665,52.956934912200396,2,-0.0420350937338938
389.23367569376455,49.78228164217999,49.60651304281208,3,0.17576859936790612
389.895323859285,22.477855988114147,22.042168001311463,4,0.4356879868026837
390.80014985303785,29.387766429609442,29.50020630231278,1,-0.11243987270333733
391.1560261136965,53.06384391348993,53.241114284538526,2,-0.17727037104859278
392.23337795181953,49.337947033804085,49.15751140131606,3,0.1804356324880274
392.8948735397013,21.790230259791095,21.369269287189613,4,0.42096097260148113
393.8006511935674,30.048901383978734,30.25197921020892,1,-0.2030778262301851
394.156205864156,53.32607746358537,53.50811331793249,2,-0.1820358543471201
395.2330700161941,48.8941884227343,48.69324856373277,3,0.20093985900152944
395.89443574672805,21.024914376531814,20.715581200085303,4,0.30933317644651126
396.80115176634035,30.775460746584198,31.00245138469795,1,-0.22699063811375098
397.1563740904452,53.700150203666034,53.757811367910605,2,-0.05766116424457124
398.2327520382422,48.438802280952864,48.21395300208644,3,0.22484927886642225
398.8940123550869,20.43459877098393,20.083952777600697,4,0.35064599338323177
399.8016509397758,31.656661434884494,31.750686571781678,1,-0.09402513689718361
400.15653071693714,53.966559195956265,53.99009606927414,2,-0.02353687331787313
401.2324241759449,47.91470233532683,47.71986318054049,3,0.19483915478633662
401.8936053971728,19.822127432915913,19.477470236522233,4,0.34465719639367975
402.8121497792874,32.3249574867731,32.49829050157827,1,-0.17333301480516639
403.15667567498446,54.073331355373305,54.204863284380494,2,-0.13153192900718835
404.2320865940857,47.45738623573135,47.21122782271037,3,0.24615841302097863
404.89321706363137,19.275075056432744,18.89945649366256,4,0.37561856277018535
405.8126444201627,32.88316819236849,33.23947947387735,1,-0.3563112815088658
406.15680889695307,54.394631226395454,54.402017057564755,2,-0.007385831169301582
407.22174063720865,47.03835831692121,46.690072718604604,3,0.34828559831660755
407.89284969729914,18.7105741258623,18.353460205448414,4,0.35711392041388734
408.8131360100307,33.71779704282596,33.97598106601102,1,-0.2581840231850663
409.1569303250878,54.52346425114851,54.581469575100584,2,-0.058005323952073695
410.2213841697106,46.31410969250303,46.15318128935644,3,0.16092840314659185
410.89250577813635,18.09856878380598,17.843230704384823,4,0.2553380794211577
411.81362406746183,34.53644338603211,34.70708045440889,1,-0.17063706837677728
412.1570399055658,54.75998571063268,54.743141130171644,2,0.016844580461032876
413.2210185192583,45.79726362837583,45.60255427343006,3,0.1947093549457719
413.892187896596,17.634086468291514,17.37267499038321,4,0.2614114779083039
414.8141081398204,35.22546649107932,35.43210531457874,1,-0.20663882349942497
415.15713758995446,54.80891062056867,54.88696009238614,2,-0.07804947181747224
416.2206438800266,45.3119231509041,45.03848477048905,3,0.2734383804150511
416.8918987129968,17.111508470694382,16.94579321821186,4,0.16571525248252073
417.8145878005721,35.96464133211394,36.15042186226494,1,-0.18578053015099982
418.1572233351932,55.04349009378209,55.01286288142549,2,0.030627212356598932
419.2202604542347,44.760105347949306,44.46127804314429,3,0.29882730480501607
419.8816417054225,16.764203080529704,16.567770631463983,4,0.19643244906572122
420.81506264690825,36.753489239230205,36.861431359949016,1,-0.10794212071881049
421.1572971035776,55.075668325518045,55.12079394447026,2,-0.045125618952212676
422.2198684525001,44.138153814808405,43.87323973211313,3,0.2649140826952774
422.8814177620591,16.45671846088705,16.23996464429479,4,0.21675381659225934
423.8155322976485,37.400761341223266,37.56456703333209,1,-0.16380569210882356
424.15735886274604,55.35374774054817,55.21070573709566,2,0.14304200345251417
425.2194680942224,43.60615207468486,43.27076677184635,3,0.3353853028385103
425.8812302641234,16.228720290059258,15.967375779478528,4,0.26134451058072905
426.8159963913896,38.11153330907589,38.259291348646876,1,-0.14775803957098788
427.1574085856685,55.209648315698516,55.28255870737446,2,-0.07291039167594704
428.21905960801985,42.933482209260774,42.65614981078617,3,0.27733239847460567
428.8810814342073,15.951694872938077,15.753266640144217,4,0.19842823279386046
429.8164545848696,38.855411000082476,38.9450936073525,1,-0.08968260727002075
430.15744625063735,55.35456275675999,55.33632128296741,2,0.018241473792578233
431.2186432322212,42.36660697058904,42.029748704155956,3,0.33685826643308303
431.88097314719374,15.654998082200784,15.600354564826413,4,0.05464351737437134
432.8169065515225,39.492630503183925,39.621487819932405,1,-0.1288573167484799
433.15747184126,55.30229400139828,55.37196986102188,2,-0.0696758596236009
434.21821921541783,41.63567434062885,41.39193885430687,3,0.24373548632198094
434.8809068334605,15.330263818410307,15.510669197859746,4,-0.18040537944943935
435.8173519801994,40.09379331719302,40.2880108251474,1,-0.19421750795438442
436.15748534645337,55.3852464731584,55.38948880073755,2,-0.004242327579149219
437.2177878170841,41.02493286462022,40.7431121595749,3,0.28182070504531964
437.88088339844853,15.614424883935268,15.485437134742769,4,0.12898774919249867
438.8177905740372,40.84806231526401,40.944220625215685,1,-0.09615830995167585
439.15748676044,55.41519911229863,55.38887041849502,2,0.026328693803613135
440.2173493082761,40.40197088194635,40.083678082475664,3,0.318292799470683
440.88090316874326,15.490559458965706,15.525008424236301,4,-0.034448965270595266
441.81822204945576,41.498780091490076,41.5896949110339,1,-0.0909148195438263
442.157476082746,55.37070887757633,55.37011498547865,2,0.0005938920976760187
443.2169039724188,39.78376056368706,39.41406485311643,3,0.3696957105706318
443.8809658720409,15.620924770637032,15.62883506509666,4,-0.00791029445962721
444.8186461352697,42.05665517928968,42.22402975476072,1,-0.16737457547104384
445.15745331820045,55.3968914904153,55.333230727760295,2,0.06366076265500453
446.2164521061933,39.0593445564147,38.734720825949964,3,0.3246237304647366
446.8810706538506,15.706411983958006,15.795504565308734,4,-0.0890925813507284
447.81906257190013,42.64686675652625,42.846838449898364,1,-0.19997169337211318
448.1574184769367,55.32310549513682,55.27823382884505,2,0.044871666291768975
449.2159940205379,38.306421702166425,38.0461160105625,3,0.260305691603925
449.88121612855144,15.933353641221606,16.02282379587788,4,-0.08947015465627395
450.81947111067495,43.34767507781852,43.457750481472246,1,-0.11007540365372392
451.1573715743948,55.16327236441254,55.20514843471485,2,-0.04187607030230822
452.2155300417779,37.69459987253789,37.34874380011919,3,0.3458560724187052
452.88140045778704,16.17195496370338,16.307941719443726,4,-0.13598675574034402
453.8198715132071,43.901716815630984,44.0564106110622,1,-0.1546937954312142
454.15731263132653,55.1438476275603,55.11400666144087,2,0.02984096611942988
455.2150605129029,37.12783004839899,36.643122924426905,3,0.48470712397208615
455.8816214462147,16.378135409873327,16.64749561122169,4,-0.2693602013483627
456.820263550842,44.43770527104292,44.64441019483588,1,-0.20670492379295524
457.15724167544295,54.88162000150235,55.004848605471466,2,-0.1232286039691175
458.2145857950097,36.1311616593213,35.92979965835964,3,0.2013620009616588
458.8818766438129,16.73947179910047,17.037764673025293,4,-0.2982928739248223
459.8206470041651,45.2489355348738,45.21751433596513,1,0.03142119890867434
460.1571587348514,54.87364073286094,54.87772235673932,2,-0.004081623878377627
461.21410626893635,35.56943769054816,35.2093503206659,3,0.3600873698822653
461.88216344509414,17.308107425361605,17.474817033366826,4,-0.1667096080052204
462.82102166256385,45.691924568779356,45.77738379763292,1,-0.0854592288535656
463.1570638479283,54.828018652858944,54.73268401476978,2,0.09533463808916309
464.21362233711045,34.860465322226545,34.48238410297221,3,0.3780812192543337
464.89248027582664,17.54923948787089,17.956306409021074,4,-0.40706692115018583
465.82138732384414,46.15534964116302,46.3237172010571,1,-0.16836755989407948
466.15695705675273,54.82126509771767,54.5697977080131,2,0.2514673897045725
467.21313442564355,34.20340162857979,33.74954627413195,3,0.453855354447839
467.89282235907723,18.244106506213956,18.47503656021536,4,-0.23093005400140498
468.8217437938751,46.61542602162738,46.856225175755846,1,-0.2407991541284673
469.1568384087666,54.40354625584502,54.38913561666572,2,0.014410639179303075
470.2126429867037,33.3569955258559,33.01152181093329,3,0.3454737149226119
470.8931881021263,18.866770374938994,19.028662204667594,4,-0.1618918297285994
471.82209088628235,47.23602181539065,47.37462990382711,1,-0.1386080884364631
472.1567079567915,54.17175851083418,54.19077799929163,2,-0.019019488457452383
473.21214850120424,32.61820751059967,32.26903951253046,3,0.3491679980692055
473.8935750139956,19.312160877842217,19.613476721670526,4,-0.3013158438283092
474.83242953111716,47.73285245846806,47.880320511148916,1,-0.14746805268085694
475.15656576078754,54.038226563519025,53.97481322360388,2,0.06341333991514375
476.20165314219525,31.984686549898782,31.525369083072412,3,0.45931746682637
476.8939807390563,19.987746295193272,20.225981327485783,4,-0.2382350322925113
477.83275730612235,48.272350720839384,48.369680345343625,1,-0.09732962450424054
478.1564118809117,53.7372423032054,53.74133780181945,2,-0.00409549861404912
479.20115414260323,31.155657036025495,30.776364784763157,3,0.37929225126233845
479.89440307298065,20.551241486353064,20.862906584196875,4,-0.3116650978438109
480.8330751877661,48.79055155027671,48.84416814361017,1,-0.053616593333458695
481.15624638800233,53.488861087942226,53.49045643105825,2,-0.0015953431160227183
482.20065374217813,30.392846302402944,30.025398701039723,3,0.36744760136322085
482.8948399694728,21.01762944682203,21.521220664307155,4,-0.5035912174851234
483.8333830182424,49.01494488165027,49.30354868214765,1,-0.288603800497377
484.1560693566293,53.27249989801389,53.2222820393205,2,0.05021785869339368
485.20015257143467,29.57503416876519,29.27342789107382,3,0.30160627769136994
485.895289540173,21.789982382349987,22.198127897758393,4,-0.4081455154084068
486.8336806463871,49.62046533710816,49.74759664959746,1,-0.1271313124893041
487.1558808668744,52.907662133281434,52.93693583764563,2,-0.02927370436419352
488.1996513094266,28.904838792255294,28.523988743521485,3,0.3808500487338087
488.8957500497975,22.463967435889487,22.89106060344729,4,-0.42709316755780335
489.83396792752154,50.17749754731965,50.17609641696595,1,0.0014011303537060371
490.15568100436946,52.68484441516793,52.63454737913245,2,0.05029703603548086
491.19915068935904,28.003963631148377,27.773178884152955,3,0.23078474699542184
491.89621990818154,23.22292173328261,23.59766661367434,4,-0.37474488039172726
492.83424472331285,50.550973285594026,50.588841832242586,1,-0.03786854664856065
493.15546986034013,52.37397872588098,52.31525462558502,2,0.058724100295961534
494.19865150488965,27.390473971239658,27.024711246645147,3,0.36576272459451076
494.89669766050844,23.78738018257965,24.31579433195621,4,-0.5284141493765588
495.83451090164925,50.92996207932318,50.98563603708558,1,-0.055673957762394366
496.15524753165425,52.077275769995715,51.97920402264214,2,0.09807174735357194
497.1981546171675,26.54319788111019,26.27989464976699,3,0.26330323134319755
497.8971819766711,24.62216285730635,25.04347667034258,4,-0.4213138130362317
498.8347663365289,51.406103205582994,51.36629130323852,1,0.03981190234447496
499.1550141208774,51.62522181214638,51.62655058435309,2,-0.0013287722067119034
