timestamp Publish, tr, ID, Distance from acoustic Simulator
1.1412470829811812,0.3212470829811812,1,16.044567056359455
1.8600977232502398,1.04009772325024,2,28.57922326975489
2.601654530459485,1.7816545304594853,3,59.12913630736306
3.2979440567690883,2.4779440567690885,4,53.718487525001876
4.641132477903518,3.8211324779035185,1,15.84419421645523
5.360340972829147,4.540340972829147,2,29.034019520421758
6.112421754970449,5.292421754970449,3,60.32579600021912
6.798624893238781,5.978624893238781,4,54.75616295445312
8.141211186760685,7.321211186760685,1,16.106670793656875
8.860461852749893,8.040461852749893,2,29.17652469992806
9.612948421922178,8.792948421922178,3,61.1125137839652
10.29918608317675,9.47918608317675,4,55.84168266067026
11.641364342697063,10.821364342697063,1,16.182176936749492
12.360343016367072,11.540343016367071,2,29.03620654080496
13.11299978523447,12.29299978523447,3,61.279176842363505
13.799201643405992,12.979201643405991,4,55.976274034114915
15.141294543604703,14.321294543604703,1,16.248809013929375
15.860589644517802,15.040589644517802,2,29.33325662423971
16.613229091576102,15.793229091576102,3,61.584856568875914
17.299138088176093,16.479138088176093,4,55.96498538232641
18.640430101227174,17.820430101227174,1,15.00798683187714
19.361595447438123,18.541595447438123,2,30.622790091445626
20.11372320779885,19.29372320779885,3,62.22412033718267
20.79878388811239,19.97878388811239,4,55.507236188687706
22.139393538232262,21.319393538232262,1,13.476501706185207
22.872658921442703,22.052658921442703,2,31.987016750000926
23.614369541319853,22.794369541319853,3,62.966260813114964
24.29870127921504,23.47870127921504,4,55.3715739440188
25.63851085097659,24.81851085097659,1,12.250915371933564
26.37364407265015,25.55364407265015,2,33.560587610286824
27.115017852192782,26.29501785219278,3,64.07546262669652
27.798664179024748,26.978664179024747,4,55.3061948775616
29.137870628689768,28.317870628689768,1,11.2250708480181
29.874196713632905,29.054196713632905,2,34.485812146080505
30.61541045657913,29.79541045657913,3,64.69870151058852
31.298981090043416,30.478981090043415,4,55.4203385258094
32.638045596958946,31.818045596958946,1,11.502622433719072
33.37422641431196,32.55422641431196,2,34.75407998084363
34.11567461362369,33.29567461362369,3,65.12651588327086
34.799232491050816,33.979232491050816,4,55.850069382298386
36.13817939676749,35.31817939676749,1,11.567233318265165
36.874285963773744,36.054285963773744,2,34.5905734853238
37.61584698345405,36.79584698345405,3,65.38377608038361
38.29944307278423,37.47944307278423,4,56.279163816403916
39.6381205897224,38.8181205897224,1,11.493576427793043
40.3745388306584,39.5545388306584,2,34.90060754810428
41.1161674541108,40.2961674541108,3,65.59196105058506
41.79934030140115,40.97934030140115,4,56.134483472753715
43.13742646891861,42.31742646891861,1,10.568566858947188
43.875246936448164,43.055246936448164,2,35.83012394128601
44.616450063892806,43.796450063892806,3,66.20263220811493
45.299274756859404,44.479274756859404,4,56.0044172832196
46.63735720372162,45.81735720372162,1,10.475362326908357
47.37519507017777,46.55519507017777,2,36.15626333133319
48.11605853206255,47.29605853206255,3,65.93210596779669
48.79867515962355,47.97867515962355,4,55.531462773404876
50.13690306186147,49.31690306186147,1,9.907178093257688
50.875051911820904,50.055051911820904,2,35.848807302531746
51.61509290417354,50.795092904173536,3,64.67601727602116
52.29756330448952,51.47756330448952,4,54.052612782855974
53.636492081195755,52.816492081195754,1,9.238284900232443
54.37508339592849,53.55508339592849,2,35.701184153423405
55.11441548932537,54.29441548932537,3,63.689779568998695
55.79662876513058,54.97662876513058,4,52.74255197860789
57.8751690197272,57.0551690197272,2,35.899670424827086
58.61375236056451,57.79375236056451,3,62.83263771562639
59.29574557669838,58.47574557669838,4,51.41782992602288
60.63601492957287,59.81601492957287,1,8.584463783064091
61.37519235245691,60.555192352456906,2,35.92058797068618
62.11291232078128,61.29291232078128,3,61.56514998659176
62.794718701538955,61.974718701538954,4,50.10382292691854
64.13607532751502,63.31607532751502,1,8.608455728995766
64.87521386717455,64.05521386717456,2,35.96230921390656
65.61261971733124,64.79261971733125,3,60.87857375630207
66.294523225858,65.47452322585801,4,49.24445520743329
67.64588692306603,66.82588692306604,1,8.533734263523245
68.38551726680846,67.56551726680847,2,36.30433573728565
69.12240348232808,68.30240348232809,3,60.65478799979186
69.803805128756,68.983805128756,4,48.68219161726867
71.14610236393766,70.32610236393766,1,8.694098023808563
71.88557311441078,71.06557311441078,2,36.53085114757609
72.62156988381703,71.80156988381704,3,59.73933946572052
73.30274821915509,72.4827482191551,4,47.28580877362398
74.64657747693771,73.82657747693771,1,9.333302518798872
75.38569294259253,74.56569294259253,2,36.547773638645396
76.11072636804334,75.29072636804335,3,58.43493613632808
76.80163993941885,75.98163993941886,4,45.71842013214157
78.14708735182937,77.32708735182938,1,9.956946792326882
78.8858861459636,78.0658861459636,2,36.863478459770874
79.60996378031068,78.78996378031069,3,57.40490370816398
80.29066553089221,79.47066553089222,4,44.241798098296364
81.64765147818359,80.8276514781836,1,10.825861494034731
82.38617559834678,81.56617559834679,2,37.29879659836517
83.10926123820235,82.28926123820236,3,56.289048979404605
83.78960095134295,82.96960095134295,4,42.69130505250596
85.148319500932,84.32831950093201,1,11.844988697602602
85.88650181638735,85.06650181638736,2,37.65922212300576
86.60856628977068,85.78856628977069,3,55.27767419848438
87.28863325413124,86.46863325413125,4,41.484516921937725
88.64905419872044,87.82905419872044,1,12.967224381318319
89.3868295168894,88.56682951688941,2,38.205307329886594
90.10790223632243,89.28790223632244,3,54.23862803508623
90.78764869683255,89.96764869683255,4,39.902625261477525
92.1498298067568,91.3298298067568,1,13.861822357772262
92.88718172715345,92.06718172715345,2,38.65314648006079
93.6072113317595,92.78721133175951,3,53.32784501855073
94.286631250527,93.466631250527,4,38.40234055420015
95.65069120357148,94.83069120357149,1,15.277410379867908
96.38757095363071,95.56757095363072,2,39.348990558800345
97.1065661947856,96.2865661947856,3,52.450955247722
97.78562761262411,96.96562761262412,4,37.061967964890265
99.15150711908802,98.33150711908803,1,16.32144824646469
99.88798149568743,99.06798149568743,2,39.88719861463706
100.60587282791403,99.78587282791403,3,51.39977960942606
101.28465386120251,100.46465386120252,4,35.680036083356455
102.6623883000858,101.8423883000858,1,17.601481345997875
103.38819507640302,102.56819507640303,2,40.256005608524724
104.10518090656899,103.285180906569,3,50.33451105136518
104.78391331353805,103.96391331353806,4,34.449422014581835
106.16311976891807,105.34311976891807,1,18.551957115146365
106.88837720652343,106.06837720652344,2,40.41285141955715
107.60459979367882,106.78459979367882,3,49.63481200617344
108.28322790063855,107.46322790063856,4,33.45422857743306
109.66389341161864,108.84389341161865,1,19.8275512470805
110.38864627326025,109.56864627326026,2,40.84626594332113
111.10397183339865,110.28397183339865,3,48.81048702318495
111.78242981629059,110.9624298162906,4,32.36934372353974
113.16475180965486,112.34475180965487,1,20.977561253775107
113.88893375651833,113.06893375651833,2,41.2450344698246
114.60327533034766,113.78327533034766,3,47.750409727184085
115.28158278972909,114.46158278972909,4,31.151613863753017
116.66564383189235,115.84564383189236,1,22.293995451877816
117.38916681151832,116.56916681151833,2,41.49333052121485
118.10258773246707,117.28258773246708,3,46.68032399761408
118.77084204759629,117.9508420475963,4,30.112000688335105
120.1665663765258,119.3465663765258,1,23.629888551263303
120.8895035459302,120.0695035459302,2,41.93442988227046
121.60189304027236,120.78189304027237,3,45.8407912292447
122.27003419786652,121.45003419786653,4,29.086014139913534
123.66728257276087,122.84728257276088,1,24.63925838050023
124.38986037047631,123.56986037047632,2,42.56289230174754
125.10139109668133,124.28139109668133,3,44.992573847972736
125.76927569244431,124.94927569244432,4,27.889661099333686
127.16816817183295,126.34816817183295,1,25.825091939073307
127.89008491247446,127.07008491247447,2,42.856238818289526
128.5907161649667,127.77071616496669,3,44.01309922551075
129.26863116646507,128.44863116646508,4,26.902806944116804
130.66899621746597,129.84899621746598,1,26.990828395675692
131.39028442198284,130.57028442198285,2,43.260241780768766
132.09004181635783,131.27004181635783,3,43.062727345820605
132.7682560116337,131.9482560116337,4,26.193643189120987
134.16938349856227,133.34938349856228,1,27.639520737267254
134.89024124127982,134.07024124127983,2,43.25025902167386
135.5897121656758,134.7697121656758,3,42.55212056445045
136.2679089304447,135.4479089304447,4,25.82223039034801
137.6699955382548,136.8499955382548,1,28.322517560137058
138.3906487401887,137.57064874018872,2,43.794603665298375
139.0892516707176,138.2692516707176,3,41.91188680373674
139.7672140098998,138.9472140098998,4,24.900927015581743
141.17085198199644,140.35085198199644,1,29.739624846728585
141.89110124452364,141.07110124452365,2,44.31570270178424
142.5886642078494,141.7686642078494,3,41.00064714063794
143.26641900443403,142.44641900443403,4,23.872694588704977
144.68168839686564,143.86168839686565,1,30.86971947809503
145.39155269776654,144.57155269776655,2,44.91056961062477
146.08811264454422,145.26811264454423,3,40.407224420475515
146.76577681569194,145.94577681569194,4,22.934956863160867
148.1825576490693,147.36255764906932,1,32.10754295148706
148.90203334075986,148.08203334075986,2,45.58963609385831
149.58759356036256,148.76759356036257,3,39.51273270973394
150.26508561747235,149.44508561747236,4,21.7760493864588
151.6833658031732,150.8633658031732,1,33.30094766489806
152.40248424018532,151.58248424018532,2,46.3419855519065
153.0871108649059,152.2671108649059,3,38.87940786939962
153.76441804614592,152.94441804614593,4,20.904128769297763
155.18416519605822,154.36416519605822,1,34.24393138885526
155.90301370424942,155.08301370424942,2,46.97269023492967
156.58666500073411,155.76666500073412,3,38.33235671132565
157.26378358114377,156.44378358114378,4,20.00188520027292
158.68493581583732,157.86493581583733,1,35.54273690200419
159.40338664191677,158.58338664191677,2,47.64421461696356
160.08621000809575,159.26621000809575,3,37.64690065034184
160.76333076718146,159.94333076718146,4,19.25504764500763
162.18562998627567,161.36562998627568,1,36.56543853024713
162.90379575818326,162.08379575818327,2,48.096292395624445
163.58572267339724,162.76572267339725,3,36.84911818182876
164.26279004147543,163.44279004147543,4,18.641845844673103
165.6864748608593,164.8664748608593,1,37.70887056239357
166.40419027644475,165.58419027644476,2,48.75278586349225
167.08521663947596,166.26521663947597,3,36.207214426286484
167.76238108334158,166.9423810833416,4,17.929135157231766
169.18719191023902,168.36719191023903,1,38.64403020904231
169.90455369203767,169.08455369203767,2,49.280789666691845
170.58480104022644,169.76480104022644,3,35.544709977857046
171.26217697644714,170.44217697644714,4,17.401226578013596
172.6875630753707,171.8675630753707,1,39.16554572048097
173.40457104941774,172.58457104941775,2,49.30572708843635
174.08454699678384,173.26454699678385,3,35.12428944432513
174.76222323794457,173.94222323794457,4,17.392487057847088
176.18774389979043,175.36774389979044,1,39.43628574569055
176.90413096236574,176.08413096236575,2,48.89195361096197
177.5837677336281,176.7637677336281,3,34.2576255963748
178.2630424669413,177.4430424669413,4,18.205019382259064
179.68793746467495,178.86793746467495,1,39.89662634337608
180.40328187273676,179.58328187273676,2,47.65200532698569
181.08283186712504,180.26283186712504,3,32.85136007219033
181.76397658818894,180.94397658818895,4,19.46058647983552
183.9025581148239,183.0825581148239,2,46.42010044087358
184.58204376844077,183.76204376844078,3,31.75581032740481
185.26474024537916,184.44474024537917,4,20.721284350636335
186.68842102934585,185.86842102934585,1,40.50415356053966
187.4019267517311,186.58192675173112,2,45.72403225595381
188.0813195033955,187.2613195033955,3,30.59020732209276
188.765522203172,187.945522203172,4,21.712922078395554
190.1886138196374,189.3686138196374,1,40.87249292935328
190.8912755675938,190.0712755675938,2,44.77210842465178
191.57065965160956,190.75065965160957,3,29.724855289238878
192.26631726476216,191.44631726476217,4,23.005936040576636
193.68887763463601,192.86887763463602,1,41.19312007029293
194.39069193264558,193.5706919326456,2,44.034037300733985
195.0700197416353,194.2500197416353,3,28.801287341861634
195.7670411133757,194.94704111337572,4,23.95464062218016
197.18912192563093,196.36912192563094,1,41.52127561453459
197.89009215002295,197.07009215002296,2,43.078742342598886
198.56937814940704,197.74937814940705,3,27.824927784920085
199.26784778865166,198.44784778865167,4,25.0261093894858
200.6894318368082,199.86943183680822,1,42.15827982032395
201.38949297309625,200.56949297309626,2,42.17328630515992
202.06872251013306,201.24872251013306,3,26.966162410497247
202.7686557102449,201.9486557102449,4,26.269606419061592
204.18971930507558,203.3697193050756,1,42.412031888438385
204.88882168766165,204.06882168766165,2,41.1792973704561
205.56812032310958,204.7481203231096,3,26.077696538540746
206.26947926701567,205.44947926701568,4,27.524492800328918
207.69002572022688,206.8700257202269,1,42.79033270544673
208.38829437458185,207.56829437458185,2,40.51651064368692
209.06756759389302,208.24756759389302,3,25.27309447523851
209.77030114586233,208.95030114586234,4,28.434920577852655
211.19035533942957,210.37035533942958,1,43.318050638644465
211.88771537418563,211.06771537418564,2,39.564589846698055
212.56704312538486,211.74704312538486,3,24.485094923278506
213.27105686811936,212.45105686811937,4,29.766565472367905
214.69063775833553,213.87063775833553,1,43.756454728055395
215.3873432365289,214.5673432365289,2,39.1478293377255
216.06656625386282,215.24656625386282,3,23.895113692975176
216.77164974356606,215.95164974356607,4,30.549195267173296
218.19107520320748,217.37107520320748,1,44.25371305731998
218.88696003783934,218.06696003783935,2,38.52284404250607
219.56605868315572,218.74605868315572,3,23.076030155000293
220.28240503343764,219.46240503343765,4,31.595956472809625
221.7015485932481,220.8815485932481,1,44.93166977822354
222.38652883000174,221.56652883000174,2,37.92038924636966
223.06546652710784,222.24546652710785,3,22.202576172088563
223.78317068047647,222.96317068047648,4,32.65148532227605
225.20205547000234,224.38205547000234,1,45.765473076711274
225.88607818878964,225.06607818878965,2,37.38084061591211
226.56504287092503,225.74504287092503,3,21.637671120424184
227.28400342817628,226.46400342817628,4,33.843090197594506
228.70235039344738,227.88235039344738,1,46.17754199721064
229.38551556628536,228.56551556628537,2,36.5256459832758
230.06471600060325,229.24471600060326,3,21.046533889348893
230.78483676950088,229.9648367695009,4,34.987835395907375
232.20267549582437,231.38267549582437,1,46.591416379057236
232.88496613423177,232.06496613423178,2,35.596966790674465
233.56446563434844,232.74446563434844,3,20.7326336494931
234.2856667965332,233.4656667965332,4,36.17340732988901
235.70301268949225,234.88301268949226,1,47.14146362583578
236.3844003673107,235.5644003673107,2,34.96265571087193
237.06425803311117,236.24425803311118,3,20.445348465327978
237.78657490228193,236.96657490228193,4,37.38914034239422
239.20333498352628,238.38333498352628,1,47.600293890602536
239.88388886157895,239.06388886157896,2,34.263783827373615
240.5641130339206,239.7441130339206,3,20.248336607126326
241.28729369343677,240.46729369343677,4,38.622165452970634
242.70378363022226,241.88378363022227,1,48.063143504213905
243.3836121289393,242.5636121289393,2,33.811365853040144
244.06393002501403,243.24393002501404,3,19.865263605567794
244.78770287415057,243.96770287415058,4,39.45401420065815
246.20385926390318,245.3838592639032,1,48.214661864332705
246.88358894201156,246.06358894201156,2,33.56906489876215
247.56395126190566,246.74395126190566,3,19.895496503189108
248.2877640678022,247.4677640678022,4,39.588067158844304
249.70361452367808,248.8836145236781,1,48.02564098870026
250.38304944249447,249.56304944249447,2,32.94553057717534
251.06456730939811,250.24456730939812,3,20.376661964941817
251.78809506732733,250.96809506732734,4,39.80788095491232
253.2029759161406,252.3829759161406,1,47.101174884769684
253.88212554552538,253.0621255455254,2,31.771969932628632
254.56543437925075,253.74543437925075,3,21.694765598656982
255.2885950327722,254.4685950327722,4,40.483993279516156
256.70247856754247,255.88247856754245,1,46.294205147643865
257.3711686073413,256.5511686073413,2,30.41947039037032
258.0661898397661,257.2461898397661,3,22.780872177533897
258.78927634752375,257.96927634752376,4,41.456234823906755
260.2020797276147,259.3820797276147,1,45.86221431713257
260.87030277676513,260.05030277676514,2,29.149489766489253
262.28985273847303,261.46985273847304,4,42.354056613950995
263.7017410976484,262.8817410976484,1,45.32598225012036
264.3694208740307,263.5494208740307,2,27.937596517069853
265.0676009585027,264.2476009585027,3,24.906868953372207
265.790521619254,264.970521619254,4,43.263412656120366
267.20155452579223,266.38155452579224,1,45.04753796160802
267.8686038954774,267.0486038954774,2,26.656668514058538
268.56822019345856,267.74822019345856,3,25.882756286694494
269.2911625734325,268.4711625734325,4,44.20777944364645
270.6913168040142,269.8713168040142,1,44.69780612582197
271.3677826286144,270.5477826286144,2,25.503945775831422
272.0689017189525,271.2489017189525,3,26.83189369504801
272.79188596884467,271.9718859688447,4,45.1087495675269
274.19117694796194,273.37117694796194,1,44.53471804610749
274.86696639049654,274.04696639049655,2,24.440241623504278
275.56951795581864,274.74951795581865,3,27.635061803697184
276.30253417069156,275.48253417069157,4,46.052074935970715
277.6911101563763,276.8711101563763,1,44.360437170017846
278.36622513707465,277.54622513707466,2,23.314342416653886
279.0700918210466,278.2500918210466,3,28.40009461735585
279.8032605325618,278.9832605325618,4,47.08413007157653
281.1910745961479,280.37107459614793,1,44.323132388917934
281.86533739118477,281.0453373911848,2,22.026097874379666
282.57080516725875,281.75080516725876,3,29.538388981634952
283.3040364785699,282.4840364785699,4,48.15292538083731
284.6911323102526,283.8711323102526,1,44.484962175769155
285.3645940180458,284.5445940180458,2,20.95514566885689
286.07131046629047,285.2513104662905,3,30.406535995963566
286.80486839686466,285.98486839686467,4,49.31205443018567
288.1914353441491,287.3714353441491,1,44.78190945485501
288.863938563545,288.043938563545,2,19.96677924983163
289.5817144275356,288.7617144275356,3,30.833546095731084
290.30554104168056,289.48554104168056,4,50.43488319993728
291.70163578019174,290.88163578019174,1,45.040091917496454
292.3638299044102,291.5438299044102,2,19.63468788416684
293.0816631896423,292.2616631896423,3,31.024061646623267
293.8055690063402,292.9855690063402,4,50.77187341679855
295.2017049104006,294.38170491040063,1,45.2010062090084
295.8634080344237,295.0434080344237,2,19.41246729994484
296.5821869417986,295.76218694179863,3,31.371090694933084
297.30634141963964,296.48634141963964,4,51.403331379175924
298.7017446668436,297.8817446668436,1,45.29274181307643
299.3626445634779,298.5426445634779,2,18.022197771297378
300.0827282231965,299.2627282231965,3,32.4691502271543
300.8067172181724,299.98671721817243,4,52.27436091250137
302.2018685492778,301.3818685492778,1,45.45453705801393
302.86269478407394,302.04269478407394,2,18.082010943181636
303.5825745588003,302.7625745588003,3,32.41551197150869
304.3067043932347,303.48670439323473,4,52.30162220411833
305.70170650560584,304.88170650560585,1,45.29635335232368
306.362951165046,305.542951165046,2,18.494577595806533
307.08244989693833,306.26244989693834,3,32.08907443063734
307.8060276266746,306.9860276266746,4,51.69504359633347
309.191193884293,308.371193884293,1,44.403593949251224
309.86326279599643,309.04326279599644,2,18.72418008599613
310.5823092411194,309.7623092411194,3,31.94738812593283
311.30552689797145,310.48552689797145,4,50.92480282307904
312.6910439765772,311.8710439765772,1,44.268841961377966
313.3634455088829,312.5434455088829,2,19.106811632393338
314.082198389169,313.262198389169,3,31.795049560480802
314.8055473058302,313.9855473058302,4,50.6425410067282
316.1911174208424,315.3711174208424,1,44.45849739179317
316.86324365971916,316.04324365971917,2,19.001556793381457
317.582538689301,316.762538689301,3,32.005291254626194
318.30572154237217,317.4857215423722,4,50.92514430301264
319.69058643445413,318.87058643445414,1,43.69415009040897
320.3625988656263,319.5425988656263,2,18.131205854412332
321.0833373658808,320.26333736588083,3,32.974774561791094
321.80594625636144,320.98594625636144,4,51.25587901334201
323.18988059693027,322.3698805969303,1,42.7266138711437
323.86212073448854,323.04212073448855,2,17.475058400324844
324.58406005333865,323.76406005333865,3,33.96322765111083
325.30598943226227,324.4859894322623,4,51.282708802939666
326.6892199469333,325.8692199469333,1,41.72241231885532
327.3616499238689,326.54164992386893,2,16.57563495095943
328.0847884751191,327.26478847511913,3,35.19050640024994
328.8060534754015,327.9860534754015,4,51.482843176205144
330.1885199933385,329.3685199933385,1,40.711714731015505
330.8512156508931,330.0312156508931,2,15.990868233702285
331.5855491907972,330.76554919079723,3,36.159896288272016
332.3062120893114,331.4862120893114,4,51.56535616303731
333.6878333298241,332.8678333298241,1,39.87578572629551
334.35086031373936,333.53086031373937,2,15.618878408710623
335.08628710375996,334.26628710375996,3,37.39590010133862
335.8063119413722,334.9863119413722,4,51.83456173699529
337.1872249867165,336.3672249867165,1,38.96767432477692
337.8505052010775,337.0305052010775,2,15.009244880651389
338.5869777760694,337.7669777760694,3,38.18546266315195
339.3064465350759,338.4864465350759,4,51.965422279196744
340.6866127115356,339.8666127115356,1,38.0028269626152
341.35024770898707,340.5302477089871,2,14.647519260989753
342.0876809400698,341.2676809400698,3,39.18522148497363
342.8066664251781,341.9866664251781,4,52.11814891495606
344.18609487481785,343.36609487481786,1,37.27916548901847
344.84996458706604,344.02996458706605,2,14.265436160161574
345.5883761102247,344.7683761102247,3,40.248136930407924
346.3068766986899,345.4868766986899,4,52.47573836704546
347.68558172495176,346.86558172495177,1,36.4731652080388
348.3496364603631,347.5296364603631,2,13.823388100715539
349.0891418354744,348.2691418354744,3,41.29172936846645
349.80723628603596,348.98723628603597,4,52.91732288466746
351.18508294177235,350.36508294177236,1,35.85158032090029
351.84944004701276,351.02944004701277,2,13.430258024453163
352.589868082569,351.769868082569,3,42.34942117756354
353.30754751105655,352.48754751105656,4,53.34289607886471
354.68461365181616,353.86461365181617,1,35.2371313653931
355.3492697556176,354.52926975561763,2,13.24903853920722
356.0905947219849,355.27059472198493,3,43.37116473294173
356.80779849757914,355.98779849757915,4,53.90796400609926
358.18404611537323,357.36404611537324,1,34.44489892624098
358.84922732151665,358.02922732151666,2,13.150942590720712
359.59135545460566,358.77135545460567,3,44.48690093568305
360.3081366422228,359.4881366422228,4,54.31911695575564
361.6836529085774,360.8636529085774,1,33.78327082330426
362.34909660857005,361.52909660857006,2,12.850952404582088
363.1021029761427,362.2821029761427,3,45.54073820448379
363.80854248106283,362.98854248106284,4,54.76431938089674
365.18324364250043,364.36324364250044,1,33.29827855635665
365.8490997508008,365.0290997508008,2,13.010077580836837
366.6027871965044,365.7827871965044,3,46.556414608030146
367.3088304291995,366.4888304291995,4,55.238001779474466
368.6829428008437,367.8629428008437,1,32.6840078997674
369.34905844442034,368.52905844442034,2,12.9276802678325
370.1034224741214,369.2834224741214,3,47.477648445536175
370.8092021485048,369.98920214850483,4,55.753374578974494
372.18250264550664,371.36250264550665,1,32.14442822862762
372.8492496244761,372.0292496244761,2,13.196315655647089
373.60412395818827,372.7841239581883,3,48.46071344856816
374.30949259404497,373.489492594045,4,56.212459800544956
375.68201269488026,374.86201269488026,1,31.430747677919932
376.3495213912394,375.5295213912394,2,13.412792240412552
377.10493493182463,376.28493493182464,3,49.51140938305454
377.80978578559575,376.98978578559576,4,56.67769020160749
379.1816005138289,378.36160051382893,1,30.6885579865146
379.84972977700386,379.02972977700387,2,14.083873928208536
380.6052981142607,379.7852981142607,3,50.243327894481745
381.3099833061248,380.4899833061248,4,57.11589023240739
382.68152621435337,381.8615262143534,1,30.800422191136114
383.349903993156,382.529903993156,2,14.06627201155215
384.105305457703,383.28530545770303,3,50.43046356541217
384.8095797391402,383.9895797391402,4,56.63346634916681
386.1709170611379,385.3509170611379,1,30.002816189913492
386.8506124233226,386.0306124233226,2,15.04986539185853
387.60531448136163,386.78531448136164,3,50.368135248251896
388.30901207030314,387.48901207030315,4,56.0199221859633
389.67016299856914,388.85016299856915,1,28.77563178248784
390.35139379987413,389.53139379987414,2,16.17919514796544
391.1053655363593,390.2853655363593,3,50.60183731362182
391.8085176437687,390.9885176437687,4,55.13194935132343
393.1696926359029,392.3496926359029,1,28.19459693591957
393.86183060020073,393.04183060020074,2,16.72680034140602
394.60549256700045,393.78549256700046,3,50.55831710763792
395.3084632789814,394.4884632789814,4,55.06437877685618
396.6692627924469,395.8492627924469,1,27.559911343550883
397.36224773218913,396.54224773218914,2,17.431345004888893
398.1059111452995,397.2859111452995,3,51.09852435979105
398.8083422693433,397.9883422693433,4,54.831865889386904
400.1685919360635,399.3485919360635,1,26.570137591933335
400.8628509696796,400.0428509696796,2,18.252953962215955
401.60635938686454,400.78635938686455,3,51.72780079183623
402.30820271728624,401.48820271728624,4,54.57032586526389
403.6679319497821,402.8479319497821,1,25.61131796005193
404.3635054442318,403.5435054442318,2,19.207834554661734
405.10664266859334,404.28664266859334,3,52.14757732969438
405.80797504184653,404.98797504184654,4,54.36252655639237
407.1673204911407,406.3473204911407,1,24.84622544291492
407.86415803781006,407.04415803781006,2,20.008684338894223
408.6069198864071,407.78691988640713,3,52.6164854545007
409.307747011911,408.487747011911,4,54.050701355968855
410.66676157407267,409.8467615740727,1,23.9226679350556
412.80752486413843,411.98752486413844,4,53.696365776943814
414.16618816176407,413.3461881617641,1,22.919546752388246
414.86519831485253,414.04519831485254,2,21.567903712762945
415.60760984436087,414.7876098443609,3,53.42472815125482
416.307519576326,415.487519576326,4,53.567277786173484
417.66554093290796,416.84554093290797,1,22.368763454638078
418.3658777407468,417.5458777407468,2,22.389288851043332
419.1081075142558,418.2881075142558,3,54.121657280841596
419.8074265838751,418.9874265838751,4,53.44491034455454
421.1647370286445,420.3447370286445,1,21.11084355620459
421.8666506916798,421.0466506916798,2,23.73332242390407
422.60861467045476,421.78861467045476,3,54.845898754948884
423.30729018595974,422.48729018595975,4,53.27635659804255
424.6640663906343,423.8440663906343,1,20.24857869011431
425.367302029795,424.547302029795,2,24.602391197357036
426.10905964540393,425.28905964540394,3,55.61257620829191
426.8072658746693,425.98726587466933,4,53.1934203599802
428.1634536141851,427.3434536141851,1,19.281401634001487
428.86790866894637,428.0479086689464,2,25.377314659877687
429.60941065450015,428.78941065450016,3,56.27917282075556
430.3070386658902,429.4870386658902,4,52.9984918102341
431.6627472889798,430.8427472889798,1,18.265129670892648
432.36859990701146,431.54859990701146,2,26.404186540512676
433.1097518598737,432.2897518598737,3,56.689480500949635
433.80701104565753,432.98701104565754,4,52.90339844629611
435.16258070082273,434.34258070082274,1,17.91193928151449
435.86863117793513,435.04863117793514,2,26.71328517565379
436.60982461710836,435.78982461710837,3,56.815683891157484
437.3070400651633,436.4870400651633,4,52.7330872402939
438.66251717772445,437.84251717772446,1,17.828661280575613
439.3687117951602,438.5487117951602,2,26.622424549809303
440.10995634783166,439.28995634783166,3,56.96003248664361
440.8072740840018,439.9872740840018,4,52.91988794738943
442.16270080252497,441.342700802525,1,18.08465391422542
442.8685401449348,442.0485401449348,2,26.493610700832186
443.61052441343367,442.7905244134337,3,57.61073055460677
444.30791602680824,443.48791602680825,4,53.83284471895393
445.66263673598877,444.8426367359888,1,18.086402084454868
446.3687357602992,445.5487357602992,2,26.80015336070572
447.1108762325479,446.29087623254793,3,57.97539952953429
447.8080440352232,446.9880440352232,4,54.232311004420836
449.1621607667175,448.3421607667175,1,17.411863339431527
449.86929557941653,449.04929557941654,2,27.323601216358163
450.61147369960736,449.79147369960737,3,59.01138223147008
451.3082244980342,450.4882244980342,4,54.46027300734676
452.6615684189607,451.8415684189607,1,16.555436594779845
453.37001248778296,452.55001248778296,2,28.418149761126266
454.1221469571919,453.3021469571919,3,59.936134223072344
456.1509059232054,455.3309059232054,1,15.612081744438429
456.87072985385134,456.05072985385135,2,29.442823141141982
457.6227781452357,456.8027781452357,3,60.8534728703522
458.3085082394155,457.4885082394155,4,54.96465410053323
459.65034140484613,458.83034140484614,1,14.85593639603088
460.37146633650235,459.55146633650236,2,30.522640176588332
461.12346090523477,460.3034609052348,3,61.82469258244385
461.80873203044706,460.98873203044707,4,55.250795361581034
463.1497885390298,462.32978853902983,1,14.066175954259178
463.8821771780802,463.0621771780802,2,31.482070287527236
464.62410148671023,463.80410148671024,3,62.71127854322557
465.30891095354815,464.48891095354816,4,55.40556056449775
466.649247513218,465.829247513218,1,13.106330914571139
467.3827994641268,466.5627994641268,2,32.425011058612604
468.12459219970964,467.30459219970965,3,63.45742211014464
468.80902322074564,467.98902322074565,4,55.61333180719284
470.1488351252921,469.32883512529213,1,12.609155839370088
470.8833041219534,470.0633041219534,2,33.166476602938396
471.6249662446861,470.8049662446861,3,64.10149553373408
472.30909527407596,471.48909527407596,4,55.74125713327698
473.6485826214754,472.8285826214754,1,12.433129782479933
474.38377500453447,473.5637750045345,2,33.788075152429776
475.12539639033326,474.30539639033327,3,64.66044040595726
475.80918934056297,474.989189340563,4,55.75693974877975
477.1484054738168,476.3284054738168,1,11.929462286939662
477.88380735906196,477.06380735906197,2,34.032226553505026
478.6254942250465,477.8054942250465,3,64.89972610030634
479.3094731961148,478.48947319611483,4,55.989285725073145
480.6487204152064,479.8287204152064,1,12.475150818811361
481.3837597395774,480.5637597395774,2,33.865410408990115
482.1258920448381,481.3058920448381,3,65.25228078530391
482.80996643326296,481.98996643326296,4,56.849749720777695
484.14894383449405,483.32894383449405,1,12.786414937611246
484.8838010964125,484.06380109641253,2,33.88336743098077
485.62595356204764,484.80595356204765,3,65.6260083609637
486.3099332574382,485.4899332574382,4,57.0734710275852
487.6489267762091,486.82892677620913,1,12.669914288433835
488.3838966715827,487.5638966715827,2,34.058868137157425
489.1261705010044,488.30617050100443,3,65.76317283586964
491.1488282033308,490.32882820333083,1,12.718775034468177
491.8842002300548,491.0642002300548,2,34.46182758410243
492.62648083916645,491.80648083916645,3,66.1945910682089
493.3102580204775,492.4902580204775,4,57.4765194554264
494.64877490692277,493.8287749069228,1,12.59586556385333
495.3842546087919,494.5642546087919,2,34.494959835596156
496.1267690005343,495.3067690005343,3,66.59857890648544
496.8106734362206,495.9906734362206,4,57.80867682613639
498.14908958046806,497.32908958046806,1,12.947955120990235
498.88413345809585,498.06413345809585,2,34.56868048877004
499.6267926914253,498.8067926914253,3,66.65111214655384
